[{"model": "contenttypes.contenttype", "pk": 1, "fields": {"app_label": "admin", "model": "logentry"}}, {"model": "contenttypes.contenttype", "pk": 2, "fields": {"app_label": "auth", "model": "permission"}}, {"model": "contenttypes.contenttype", "pk": 3, "fields": {"app_label": "auth", "model": "group"}}, {"model": "contenttypes.contenttype", "pk": 4, "fields": {"app_label": "auth", "model": "user"}}, {"model": "contenttypes.contenttype", "pk": 5, "fields": {"app_label": "contenttypes", "model": "contenttype"}}, {"model": "contenttypes.contenttype", "pk": 6, "fields": {"app_label": "sessions", "model": "session"}}, {"model": "contenttypes.contenttype", "pk": 7, "fields": {"app_label": "brassin", "model": "brassin"}}, {"model": "contenttypes.contenttype", "pk": 8, "fields": {"app_label": "brassin", "model": "ingredient"}}, {"model": "contenttypes.contenttype", "pk": 9, "fields": {"app_label": "brassin", "model": "recette"}}, {"model": "contenttypes.contenttype", "pk": 10, "fields": {"app_label": "brassin", "model": "vente"}}, {"model": "contenttypes.contenttype", "pk": 11, "fields": {"app_label": "brassin", "model": "brassin_ingredient"}}, {"model": "contenttypes.contenttype", "pk": 12, "fields": {"app_label": "brassin", "model": "achat"}}, {"model": "contenttypes.contenttype", "pk": 13, "fields": {"app_label": "brassin", "model": "recette_ingredient"}}, {"model": "contenttypes.contenttype", "pk": 14, "fields": {"app_label": "brassin", "model": "note"}}, {"model": "sessions.session", "pk": "00wmun0955awtz323k9a3nirt7dv3729", "fields": {"session_data": "NjIwN2YzMDY3NjczMDk3YzEwNGNlZTIzNDA4ZGMwN2U3NjdmZWUzNTp7Il9hdXRoX3VzZXJfaWQiOiIxIiwiX2F1dGhfdXNlcl9oYXNoIjoiMmYzYTYxNWI4ZmJmYzJkYjg0MjQ1MWU3NTFiNTJlY2IxZmYzNDg2NiIsIl9hdXRoX3VzZXJfYmFja2VuZCI6ImRqYW5nby5jb250cmliLmF1dGguYmFja2VuZHMuTW9kZWxCYWNrZW5kIn0=", "expire_date": "2019-12-13T19:44:20.358Z"}}, {"model": "sessions.session", "pk": "05sxotoq2kiluypbmcpgorrd139ma0tk", "fields": {"session_data": "NzJmN2E1ZmIwZjViOGYwZGQ1NWMxMjE2YjI4OTBkZjZiMWVlMzBmMjp7Il9hdXRoX3VzZXJfaWQiOiI2IiwiX2F1dGhfdXNlcl9iYWNrZW5kIjoiZGphbmdvLmNvbnRyaWIuYXV0aC5iYWNrZW5kcy5Nb2RlbEJhY2tlbmQiLCJfYXV0aF91c2VyX2hhc2giOiJmNTA5ZGU1ZDRlMzk3NWYzMmJlMTgzMzk3ODUyMTMwYTcyMWZlYjU0In0=", "expire_date": "2019-12-23T14:49:06.401Z"}}, {"model": "sessions.session", "pk": "09hibuyf9a0adp3s2kfmynevjcbay0qh", "fields": {"session_data": "MTlhMTc3N2U2MjRmNmI4MjNlYjFmMmQyYWViOGYyZTJlNmQwZjdlMTp7Il9hdXRoX3VzZXJfYmFja2VuZCI6ImRqYW5nby5jb250cmliLmF1dGguYmFja2VuZHMuTW9kZWxCYWNrZW5kIiwiX2F1dGhfdXNlcl9pZCI6IjQiLCJfYXV0aF91c2VyX2hhc2giOiJlYjFlZjI3MTE2NDA2NGM0YWJhMTM3NGFhM2NmZDBkMjBiMGVlZTQ0In0=", "expire_date": "2021-02-23T22:48:42.956Z"}}, {"model": "sessions.session", "pk": "0c6lcz126pizxxne10tzshobkdmoao5z", "fields": {"session_data": "NzgxMTFlNmNhMWJkMmRhOTAxZjQzM2YxNzk2YmYzZTU0NjE2MWJlNTp7Il9hdXRoX3VzZXJfaWQiOiIxIiwiX2F1dGhfdXNlcl9iYWNrZW5kIjoiZGphbmdvLmNvbnRyaWIuYXV0aC5iYWNrZW5kcy5Nb2RlbEJhY2tlbmQiLCJfYXV0aF91c2VyX2hhc2giOiIyZjNhNjE1YjhmYmZjMmRiODQyNDUxZTc1MWI1MmVjYjFmZjM0ODY2In0=", "expire_date": "2019-12-03T11:49:04.359Z"}}, {"model": "sessions.session", "pk": "0hy6iss4cbkyt5sfnrlj94az7zzh6ijr", "fields": {"session_data": "ZDU3OTMwYjdmYzA1YWMyMmYyYjc5Njg0ZjMwMWE1Y2NkNTliZGY1NTp7Il9hdXRoX3VzZXJfaGFzaCI6IjJmM2E2MTViOGZiZmMyZGI4NDI0NTFlNzUxYjUyZWNiMWZmMzQ4NjYiLCJfYXV0aF91c2VyX2JhY2tlbmQiOiJkamFuZ28uY29udHJpYi5hdXRoLmJhY2tlbmRzLk1vZGVsQmFja2VuZCIsIl9hdXRoX3VzZXJfaWQiOiIxIn0=", "expire_date": "2020-12-22T17:16:36.273Z"}}, {"model": "sessions.session", "pk": "0n2stbqqvb1mvp2g72l8r5sj22ckz7gr", "fields": {"session_data": "MWRkOGI1Y2JlYjMyNTBlNjZiYWYwMWZhZGE1YjAyZjE2MWJkZDc1Zjp7Il9hdXRoX3VzZXJfYmFja2VuZCI6ImRqYW5nby5jb250cmliLmF1dGguYmFja2VuZHMuTW9kZWxCYWNrZW5kIiwiX2F1dGhfdXNlcl9pZCI6IjEiLCJfYXV0aF91c2VyX2hhc2giOiIyZjNhNjE1YjhmYmZjMmRiODQyNDUxZTc1MWI1MmVjYjFmZjM0ODY2In0=", "expire_date": "2020-06-21T18:59:10.008Z"}}, {"model": "sessions.session", "pk": "0pdhxm1ez8cdspzqn3qifjzn8acnmewe", "fields": {"session_data": "MjJhZDVkMGVmYWYwZjQ0NWE3Zjg5YWUzMzcwOWFmYWY4OTJlMWQ0ZDp7Il9hdXRoX3VzZXJfaGFzaCI6IjJmM2E2MTViOGZiZmMyZGI4NDI0NTFlNzUxYjUyZWNiMWZmMzQ4NjYiLCJfYXV0aF91c2VyX2lkIjoiMSIsIl9hdXRoX3VzZXJfYmFja2VuZCI6ImRqYW5nby5jb250cmliLmF1dGguYmFja2VuZHMuTW9kZWxCYWNrZW5kIn0=", "expire_date": "2019-12-05T12:58:44.920Z"}}, {"model": "sessions.session", "pk": "0w1qp5czegh888w3qq8fc0xh1o1tq5sz", "fields": {"session_data": "MjJhZDVkMGVmYWYwZjQ0NWE3Zjg5YWUzMzcwOWFmYWY4OTJlMWQ0ZDp7Il9hdXRoX3VzZXJfaGFzaCI6IjJmM2E2MTViOGZiZmMyZGI4NDI0NTFlNzUxYjUyZWNiMWZmMzQ4NjYiLCJfYXV0aF91c2VyX2lkIjoiMSIsIl9hdXRoX3VzZXJfYmFja2VuZCI6ImRqYW5nby5jb250cmliLmF1dGguYmFja2VuZHMuTW9kZWxCYWNrZW5kIn0=", "expire_date": "2020-11-18T17:59:18.984Z"}}, {"model": "sessions.session", "pk": "12y8rfawb4ubie6e5zfgdkq8y2fcbl6d", "fields": {"session_data": "OWIwNDE1NzYwMDg2MmIwZGFhNzZhZTE0Yzg2ZmY4ZjZmNmI5M2E5Yjp7Il9hdXRoX3VzZXJfaGFzaCI6ImY1MDlkZTVkNGUzOTc1ZjMyYmUxODMzOTc4NTIxMzBhNzIxZmViNTQiLCJfYXV0aF91c2VyX2lkIjoiNiIsIl9hdXRoX3VzZXJfYmFja2VuZCI6ImRqYW5nby5jb250cmliLmF1dGguYmFja2VuZHMuTW9kZWxCYWNrZW5kIn0=", "expire_date": "2020-02-10T15:52:49.922Z"}}, {"model": "sessions.session", "pk": "1jrztpl2j0nolbo4dsmg0gqrcikcvy8x", "fields": {"session_data": "NjIwN2YzMDY3NjczMDk3YzEwNGNlZTIzNDA4ZGMwN2U3NjdmZWUzNTp7Il9hdXRoX3VzZXJfaWQiOiIxIiwiX2F1dGhfdXNlcl9oYXNoIjoiMmYzYTYxNWI4ZmJmYzJkYjg0MjQ1MWU3NTFiNTJlY2IxZmYzNDg2NiIsIl9hdXRoX3VzZXJfYmFja2VuZCI6ImRqYW5nby5jb250cmliLmF1dGguYmFja2VuZHMuTW9kZWxCYWNrZW5kIn0=", "expire_date": "2021-02-27T13:45:30.754Z"}}, {"model": "sessions.session", "pk": "1k13z6j4i9iftu8nbbsszms2sapseyx5", "fields": {"session_data": "OWIwNDE1NzYwMDg2MmIwZGFhNzZhZTE0Yzg2ZmY4ZjZmNmI5M2E5Yjp7Il9hdXRoX3VzZXJfaGFzaCI6ImY1MDlkZTVkNGUzOTc1ZjMyYmUxODMzOTc4NTIxMzBhNzIxZmViNTQiLCJfYXV0aF91c2VyX2lkIjoiNiIsIl9hdXRoX3VzZXJfYmFja2VuZCI6ImRqYW5nby5jb250cmliLmF1dGguYmFja2VuZHMuTW9kZWxCYWNrZW5kIn0=", "expire_date": "2019-11-23T18:12:03.836Z"}}, {"model": "sessions.session", "pk": "20ookg7wkiofp0gnfzmu6ei7lafwvuww", "fields": {"session_data": "MWRkOGI1Y2JlYjMyNTBlNjZiYWYwMWZhZGE1YjAyZjE2MWJkZDc1Zjp7Il9hdXRoX3VzZXJfYmFja2VuZCI6ImRqYW5nby5jb250cmliLmF1dGguYmFja2VuZHMuTW9kZWxCYWNrZW5kIiwiX2F1dGhfdXNlcl9pZCI6IjEiLCJfYXV0aF91c2VyX2hhc2giOiIyZjNhNjE1YjhmYmZjMmRiODQyNDUxZTc1MWI1MmVjYjFmZjM0ODY2In0=", "expire_date": "2020-07-06T17:26:48.723Z"}}, {"model": "sessions.session", "pk": "24j2uvqonp9g6wvj62mcl1khfzty0nk3", "fields": {"session_data": "MWRkOGI1Y2JlYjMyNTBlNjZiYWYwMWZhZGE1YjAyZjE2MWJkZDc1Zjp7Il9hdXRoX3VzZXJfYmFja2VuZCI6ImRqYW5nby5jb250cmliLmF1dGguYmFja2VuZHMuTW9kZWxCYWNrZW5kIiwiX2F1dGhfdXNlcl9pZCI6IjEiLCJfYXV0aF91c2VyX2hhc2giOiIyZjNhNjE1YjhmYmZjMmRiODQyNDUxZTc1MWI1MmVjYjFmZjM0ODY2In0=", "expire_date": "2020-01-15T12:03:44.144Z"}}, {"model": "sessions.session", "pk": "25ies5a4yakz3mxsmxd8c67qob0l8i1r", "fields": {"session_data": "ZjRmZTI1MmRjZTA5Yzk3YmM3MWMyMTU1MjY2ZjhkMjdmMWZhZTI5ZDp7Il9hdXRoX3VzZXJfYmFja2VuZCI6ImRqYW5nby5jb250cmliLmF1dGguYmFja2VuZHMuTW9kZWxCYWNrZW5kIiwiX2F1dGhfdXNlcl9oYXNoIjoiMmYzYTYxNWI4ZmJmYzJkYjg0MjQ1MWU3NTFiNTJlY2IxZmYzNDg2NiIsIl9hdXRoX3VzZXJfaWQiOiIxIn0=", "expire_date": "2019-11-21T15:14:02.634Z"}}, {"model": "sessions.session", "pk": "2bw5n7qja6xxwj5ee7by4xtj1va0htq2", "fields": {"session_data": "ZjRmZTI1MmRjZTA5Yzk3YmM3MWMyMTU1MjY2ZjhkMjdmMWZhZTI5ZDp7Il9hdXRoX3VzZXJfYmFja2VuZCI6ImRqYW5nby5jb250cmliLmF1dGguYmFja2VuZHMuTW9kZWxCYWNrZW5kIiwiX2F1dGhfdXNlcl9oYXNoIjoiMmYzYTYxNWI4ZmJmYzJkYjg0MjQ1MWU3NTFiNTJlY2IxZmYzNDg2NiIsIl9hdXRoX3VzZXJfaWQiOiIxIn0=", "expire_date": "2020-06-20T13:52:48.424Z"}}, {"model": "sessions.session", "pk": "2ctqrab7lfhgvfsnfq4dd8l2twg9406r", "fields": {"session_data": "NzgxMTFlNmNhMWJkMmRhOTAxZjQzM2YxNzk2YmYzZTU0NjE2MWJlNTp7Il9hdXRoX3VzZXJfaWQiOiIxIiwiX2F1dGhfdXNlcl9iYWNrZW5kIjoiZGphbmdvLmNvbnRyaWIuYXV0aC5iYWNrZW5kcy5Nb2RlbEJhY2tlbmQiLCJfYXV0aF91c2VyX2hhc2giOiIyZjNhNjE1YjhmYmZjMmRiODQyNDUxZTc1MWI1MmVjYjFmZjM0ODY2In0=", "expire_date": "2019-10-26T19:03:28.031Z"}}, {"model": "sessions.session", "pk": "2g4328pg7tpeq4pv7lh2qfnydea4vqis", "fields": {"session_data": "NTE2YWZkZTBhMjQzZDk2MjRlMzhiNjM1MmMzYTA2NWNiNTY2YTFlZjp7Il9hdXRoX3VzZXJfaWQiOiI2IiwiX2F1dGhfdXNlcl9oYXNoIjoiZjUwOWRlNWQ0ZTM5NzVmMzJiZTE4MzM5Nzg1MjEzMGE3MjFmZWI1NCIsIl9hdXRoX3VzZXJfYmFja2VuZCI6ImRqYW5nby5jb250cmliLmF1dGguYmFja2VuZHMuTW9kZWxCYWNrZW5kIn0=", "expire_date": "2020-05-07T11:31:42.809Z"}}, {"model": "sessions.session", "pk": "2guycarbz316rgugxyk7hpbhx5dizsii", "fields": {"session_data": "OWIwNDE1NzYwMDg2MmIwZGFhNzZhZTE0Yzg2ZmY4ZjZmNmI5M2E5Yjp7Il9hdXRoX3VzZXJfaGFzaCI6ImY1MDlkZTVkNGUzOTc1ZjMyYmUxODMzOTc4NTIxMzBhNzIxZmViNTQiLCJfYXV0aF91c2VyX2lkIjoiNiIsIl9hdXRoX3VzZXJfYmFja2VuZCI6ImRqYW5nby5jb250cmliLmF1dGguYmFja2VuZHMuTW9kZWxCYWNrZW5kIn0=", "expire_date": "2020-02-23T16:40:32.968Z"}}, {"model": "sessions.session", "pk": "2i6z4yzirrnunz430x8tjtt9unuo0wcv", "fields": {"session_data": "NzgxMTFlNmNhMWJkMmRhOTAxZjQzM2YxNzk2YmYzZTU0NjE2MWJlNTp7Il9hdXRoX3VzZXJfaWQiOiIxIiwiX2F1dGhfdXNlcl9iYWNrZW5kIjoiZGphbmdvLmNvbnRyaWIuYXV0aC5iYWNrZW5kcy5Nb2RlbEJhY2tlbmQiLCJfYXV0aF91c2VyX2hhc2giOiIyZjNhNjE1YjhmYmZjMmRiODQyNDUxZTc1MWI1MmVjYjFmZjM0ODY2In0=", "expire_date": "2019-10-21T13:12:39.472Z"}}, {"model": "sessions.session", "pk": "2mamnfa2j388szpx0t7b4rl3qoidoz6c", "fields": {"session_data": "OGZjOGQwZTA4MTM5YTk4Yjg1OTNmZWVlYjgxYjNlNmQzMWRhZGFkNzp7Il9hdXRoX3VzZXJfYmFja2VuZCI6ImRqYW5nby5jb250cmliLmF1dGguYmFja2VuZHMuTW9kZWxCYWNrZW5kIiwiX2F1dGhfdXNlcl9pZCI6IjYiLCJfYXV0aF91c2VyX2hhc2giOiJmNTA5ZGU1ZDRlMzk3NWYzMmJlMTgzMzk3ODUyMTMwYTcyMWZlYjU0In0=", "expire_date": "2020-04-16T16:27:26.143Z"}}, {"model": "sessions.session", "pk": "2wq63gduz4fjt93wie9qq6u9u0nqfcer", "fields": {"session_data": "OWIwNDE1NzYwMDg2MmIwZGFhNzZhZTE0Yzg2ZmY4ZjZmNmI5M2E5Yjp7Il9hdXRoX3VzZXJfaGFzaCI6ImY1MDlkZTVkNGUzOTc1ZjMyYmUxODMzOTc4NTIxMzBhNzIxZmViNTQiLCJfYXV0aF91c2VyX2lkIjoiNiIsIl9hdXRoX3VzZXJfYmFja2VuZCI6ImRqYW5nby5jb250cmliLmF1dGguYmFja2VuZHMuTW9kZWxCYWNrZW5kIn0=", "expire_date": "2019-11-23T14:33:50.523Z"}}, {"model": "sessions.session", "pk": "2x21pjrgiiyoiiibtugw1sndq43qgc8o", "fields": {"session_data": "MjJhZDVkMGVmYWYwZjQ0NWE3Zjg5YWUzMzcwOWFmYWY4OTJlMWQ0ZDp7Il9hdXRoX3VzZXJfaGFzaCI6IjJmM2E2MTViOGZiZmMyZGI4NDI0NTFlNzUxYjUyZWNiMWZmMzQ4NjYiLCJfYXV0aF91c2VyX2lkIjoiMSIsIl9hdXRoX3VzZXJfYmFja2VuZCI6ImRqYW5nby5jb250cmliLmF1dGguYmFja2VuZHMuTW9kZWxCYWNrZW5kIn0=", "expire_date": "2019-10-22T19:59:08.066Z"}}, {"model": "sessions.session", "pk": "30nhrtfgcca5bu3rhgrcz7ixluqzh7c7", "fields": {"session_data": "NTE2YWZkZTBhMjQzZDk2MjRlMzhiNjM1MmMzYTA2NWNiNTY2YTFlZjp7Il9hdXRoX3VzZXJfaWQiOiI2IiwiX2F1dGhfdXNlcl9oYXNoIjoiZjUwOWRlNWQ0ZTM5NzVmMzJiZTE4MzM5Nzg1MjEzMGE3MjFmZWI1NCIsIl9hdXRoX3VzZXJfYmFja2VuZCI6ImRqYW5nby5jb250cmliLmF1dGguYmFja2VuZHMuTW9kZWxCYWNrZW5kIn0=", "expire_date": "2020-04-18T16:46:40.932Z"}}, {"model": "sessions.session", "pk": "389rqz09sio0m4tc65z64hf18d3wrhlc", "fields": {"session_data": "ZDU3OTMwYjdmYzA1YWMyMmYyYjc5Njg0ZjMwMWE1Y2NkNTliZGY1NTp7Il9hdXRoX3VzZXJfaGFzaCI6IjJmM2E2MTViOGZiZmMyZGI4NDI0NTFlNzUxYjUyZWNiMWZmMzQ4NjYiLCJfYXV0aF91c2VyX2JhY2tlbmQiOiJkamFuZ28uY29udHJpYi5hdXRoLmJhY2tlbmRzLk1vZGVsQmFja2VuZCIsIl9hdXRoX3VzZXJfaWQiOiIxIn0=", "expire_date": "2020-11-19T13:53:16.353Z"}}, {"model": "sessions.session", "pk": "3ii2in9ulp4ckop074q7ku1c66ippizo", "fields": {"session_data": "OTQ5OTQxN2I0NjQ3ZGQxNWViY2U4YTJiNTE2NTcyMmY4MmQ0ZWYxMzp7Il9hdXRoX3VzZXJfaWQiOiI0IiwiX2F1dGhfdXNlcl9oYXNoIjoiZWIxZWYyNzExNjQwNjRjNGFiYTEzNzRhYTNjZmQwZDIwYjBlZWU0NCIsIl9hdXRoX3VzZXJfYmFja2VuZCI6ImRqYW5nby5jb250cmliLmF1dGguYmFja2VuZHMuTW9kZWxCYWNrZW5kIn0=", "expire_date": "2020-04-22T14:30:17.283Z"}}, {"model": "sessions.session", "pk": "3tw5rj79fxy8ytt1w9jpkb5c27opnb4z", "fields": {"session_data": "ZDdkY2RmYmJjOTliMDg1Y2RjNDJjYWZhOGRjODA4MzgyN2EyZTUxZTp7Il9hdXRoX3VzZXJfYmFja2VuZCI6ImRqYW5nby5jb250cmliLmF1dGguYmFja2VuZHMuTW9kZWxCYWNrZW5kIiwiX2F1dGhfdXNlcl9oYXNoIjoiZWIxZWYyNzExNjQwNjRjNGFiYTEzNzRhYTNjZmQwZDIwYjBlZWU0NCIsIl9hdXRoX3VzZXJfaWQiOiI0In0=", "expire_date": "2021-01-26T12:14:23.068Z"}}, {"model": "sessions.session", "pk": "3ufpkrequz8rr0rfr3d8ofq22yxjqm2e", "fields": {"session_data": "NzJmN2E1ZmIwZjViOGYwZGQ1NWMxMjE2YjI4OTBkZjZiMWVlMzBmMjp7Il9hdXRoX3VzZXJfaWQiOiI2IiwiX2F1dGhfdXNlcl9iYWNrZW5kIjoiZGphbmdvLmNvbnRyaWIuYXV0aC5iYWNrZW5kcy5Nb2RlbEJhY2tlbmQiLCJfYXV0aF91c2VyX2hhc2giOiJmNTA5ZGU1ZDRlMzk3NWYzMmJlMTgzMzk3ODUyMTMwYTcyMWZlYjU0In0=", "expire_date": "2020-05-05T13:42:35.936Z"}}, {"model": "sessions.session", "pk": "40765tq46wipjhxyu5r986u12ap82qdt", "fields": {"session_data": "MTlhMTc3N2U2MjRmNmI4MjNlYjFmMmQyYWViOGYyZTJlNmQwZjdlMTp7Il9hdXRoX3VzZXJfYmFja2VuZCI6ImRqYW5nby5jb250cmliLmF1dGguYmFja2VuZHMuTW9kZWxCYWNrZW5kIiwiX2F1dGhfdXNlcl9pZCI6IjQiLCJfYXV0aF91c2VyX2hhc2giOiJlYjFlZjI3MTE2NDA2NGM0YWJhMTM3NGFhM2NmZDBkMjBiMGVlZTQ0In0=", "expire_date": "2020-04-08T14:50:17.784Z"}}, {"model": "sessions.session", "pk": "48zhbbsn3o07a6iqvr7aj8opmvn3reo5", "fields": {"session_data": "MWRkOGI1Y2JlYjMyNTBlNjZiYWYwMWZhZGE1YjAyZjE2MWJkZDc1Zjp7Il9hdXRoX3VzZXJfYmFja2VuZCI6ImRqYW5nby5jb250cmliLmF1dGguYmFja2VuZHMuTW9kZWxCYWNrZW5kIiwiX2F1dGhfdXNlcl9pZCI6IjEiLCJfYXV0aF91c2VyX2hhc2giOiIyZjNhNjE1YjhmYmZjMmRiODQyNDUxZTc1MWI1MmVjYjFmZjM0ODY2In0=", "expire_date": "2020-01-15T19:56:21.344Z"}}, {"model": "sessions.session", "pk": "4ib5risf03u0r71wi7p2uwwh9j4zplwl", "fields": {"session_data": "NzgxMTFlNmNhMWJkMmRhOTAxZjQzM2YxNzk2YmYzZTU0NjE2MWJlNTp7Il9hdXRoX3VzZXJfaWQiOiIxIiwiX2F1dGhfdXNlcl9iYWNrZW5kIjoiZGphbmdvLmNvbnRyaWIuYXV0aC5iYWNrZW5kcy5Nb2RlbEJhY2tlbmQiLCJfYXV0aF91c2VyX2hhc2giOiIyZjNhNjE1YjhmYmZjMmRiODQyNDUxZTc1MWI1MmVjYjFmZjM0ODY2In0=", "expire_date": "2020-12-14T01:56:13.685Z"}}, {"model": "sessions.session", "pk": "4tf57qi40b3ubydyxb4pquzikqsqq6ta", "fields": {"session_data": "NzgxMTFlNmNhMWJkMmRhOTAxZjQzM2YxNzk2YmYzZTU0NjE2MWJlNTp7Il9hdXRoX3VzZXJfaWQiOiIxIiwiX2F1dGhfdXNlcl9iYWNrZW5kIjoiZGphbmdvLmNvbnRyaWIuYXV0aC5iYWNrZW5kcy5Nb2RlbEJhY2tlbmQiLCJfYXV0aF91c2VyX2hhc2giOiIyZjNhNjE1YjhmYmZjMmRiODQyNDUxZTc1MWI1MmVjYjFmZjM0ODY2In0=", "expire_date": "2019-12-11T16:10:14.102Z"}}, {"model": "sessions.session", "pk": "567wmqfxuyjo4psxyi2ao890t8oe3hns", "fields": {"session_data": "MWRkOGI1Y2JlYjMyNTBlNjZiYWYwMWZhZGE1YjAyZjE2MWJkZDc1Zjp7Il9hdXRoX3VzZXJfYmFja2VuZCI6ImRqYW5nby5jb250cmliLmF1dGguYmFja2VuZHMuTW9kZWxCYWNrZW5kIiwiX2F1dGhfdXNlcl9pZCI6IjEiLCJfYXV0aF91c2VyX2hhc2giOiIyZjNhNjE1YjhmYmZjMmRiODQyNDUxZTc1MWI1MmVjYjFmZjM0ODY2In0=", "expire_date": "2020-01-17T23:00:00.462Z"}}, {"model": "sessions.session", "pk": "56e7txatue321159rbainc3uvzwps0p8", "fields": {"session_data": "NjIwN2YzMDY3NjczMDk3YzEwNGNlZTIzNDA4ZGMwN2U3NjdmZWUzNTp7Il9hdXRoX3VzZXJfaWQiOiIxIiwiX2F1dGhfdXNlcl9oYXNoIjoiMmYzYTYxNWI4ZmJmYzJkYjg0MjQ1MWU3NTFiNTJlY2IxZmYzNDg2NiIsIl9hdXRoX3VzZXJfYmFja2VuZCI6ImRqYW5nby5jb250cmliLmF1dGguYmFja2VuZHMuTW9kZWxCYWNrZW5kIn0=", "expire_date": "2021-01-08T15:08:25.233Z"}}, {"model": "sessions.session", "pk": "587l7ld0i39fkmqpbtx247mz37ir38rk", "fields": {"session_data": "OGZjOGQwZTA4MTM5YTk4Yjg1OTNmZWVlYjgxYjNlNmQzMWRhZGFkNzp7Il9hdXRoX3VzZXJfYmFja2VuZCI6ImRqYW5nby5jb250cmliLmF1dGguYmFja2VuZHMuTW9kZWxCYWNrZW5kIiwiX2F1dGhfdXNlcl9pZCI6IjYiLCJfYXV0aF91c2VyX2hhc2giOiJmNTA5ZGU1ZDRlMzk3NWYzMmJlMTgzMzk3ODUyMTMwYTcyMWZlYjU0In0=", "expire_date": "2020-04-08T09:57:16.779Z"}}, {"model": "sessions.session", "pk": "5adbeuktbp2njbsd64227sjxq3c1gzdc", "fields": {"session_data": "MzAyNGY5NDU0YzMxMTMwZTlmNTNhZTllZDdlNzIzYzdhODFkMjYyYzp7Il9hdXRoX3VzZXJfaGFzaCI6ImViMWVmMjcxMTY0MDY0YzRhYmExMzc0YWEzY2ZkMGQyMGIwZWVlNDQiLCJfYXV0aF91c2VyX2JhY2tlbmQiOiJkamFuZ28uY29udHJpYi5hdXRoLmJhY2tlbmRzLk1vZGVsQmFja2VuZCIsIl9hdXRoX3VzZXJfaWQiOiI0In0=", "expire_date": "2020-05-30T00:14:19.828Z"}}, {"model": "sessions.session", "pk": "5b8mayxp6514gbjpwxhoqftiouzrnkeo", "fields": {"session_data": "NzgxMTFlNmNhMWJkMmRhOTAxZjQzM2YxNzk2YmYzZTU0NjE2MWJlNTp7Il9hdXRoX3VzZXJfaWQiOiIxIiwiX2F1dGhfdXNlcl9iYWNrZW5kIjoiZGphbmdvLmNvbnRyaWIuYXV0aC5iYWNrZW5kcy5Nb2RlbEJhY2tlbmQiLCJfYXV0aF91c2VyX2hhc2giOiIyZjNhNjE1YjhmYmZjMmRiODQyNDUxZTc1MWI1MmVjYjFmZjM0ODY2In0=", "expire_date": "2020-12-17T11:55:26.417Z"}}, {"model": "sessions.session", "pk": "5bbjw2s5s3dz4lpmv94qk4ys0lt1unf4", "fields": {"session_data": "MWRkOGI1Y2JlYjMyNTBlNjZiYWYwMWZhZGE1YjAyZjE2MWJkZDc1Zjp7Il9hdXRoX3VzZXJfYmFja2VuZCI6ImRqYW5nby5jb250cmliLmF1dGguYmFja2VuZHMuTW9kZWxCYWNrZW5kIiwiX2F1dGhfdXNlcl9pZCI6IjEiLCJfYXV0aF91c2VyX2hhc2giOiIyZjNhNjE1YjhmYmZjMmRiODQyNDUxZTc1MWI1MmVjYjFmZjM0ODY2In0=", "expire_date": "2021-01-19T12:24:18.955Z"}}, {"model": "sessions.session", "pk": "5jvbsozv6gqidc364cvj5ku9iu37u0fm", "fields": {"session_data": "NzgxMTFlNmNhMWJkMmRhOTAxZjQzM2YxNzk2YmYzZTU0NjE2MWJlNTp7Il9hdXRoX3VzZXJfaWQiOiIxIiwiX2F1dGhfdXNlcl9iYWNrZW5kIjoiZGphbmdvLmNvbnRyaWIuYXV0aC5iYWNrZW5kcy5Nb2RlbEJhY2tlbmQiLCJfYXV0aF91c2VyX2hhc2giOiIyZjNhNjE1YjhmYmZjMmRiODQyNDUxZTc1MWI1MmVjYjFmZjM0ODY2In0=", "expire_date": "2021-02-04T13:11:14.546Z"}}, {"model": "sessions.session", "pk": "60src2fledgxjafzpr6xa1yniz227vyb", "fields": {"session_data": "NzJmN2E1ZmIwZjViOGYwZGQ1NWMxMjE2YjI4OTBkZjZiMWVlMzBmMjp7Il9hdXRoX3VzZXJfaWQiOiI2IiwiX2F1dGhfdXNlcl9iYWNrZW5kIjoiZGphbmdvLmNvbnRyaWIuYXV0aC5iYWNrZW5kcy5Nb2RlbEJhY2tlbmQiLCJfYXV0aF91c2VyX2hhc2giOiJmNTA5ZGU1ZDRlMzk3NWYzMmJlMTgzMzk3ODUyMTMwYTcyMWZlYjU0In0=", "expire_date": "2020-07-04T21:43:08.745Z"}}, {"model": "sessions.session", "pk": "661h6dh34vxkj82c9s61e1koqov3x39f", "fields": {"session_data": "NzJmN2E1ZmIwZjViOGYwZGQ1NWMxMjE2YjI4OTBkZjZiMWVlMzBmMjp7Il9hdXRoX3VzZXJfaWQiOiI2IiwiX2F1dGhfdXNlcl9iYWNrZW5kIjoiZGphbmdvLmNvbnRyaWIuYXV0aC5iYWNrZW5kcy5Nb2RlbEJhY2tlbmQiLCJfYXV0aF91c2VyX2hhc2giOiJmNTA5ZGU1ZDRlMzk3NWYzMmJlMTgzMzk3ODUyMTMwYTcyMWZlYjU0In0=", "expire_date": "2020-02-07T11:15:48.403Z"}}, {"model": "sessions.session", "pk": "668rxsba9e0ly3bdtybs069cb8rnbgjf", "fields": {"session_data": "ZDU3OTMwYjdmYzA1YWMyMmYyYjc5Njg0ZjMwMWE1Y2NkNTliZGY1NTp7Il9hdXRoX3VzZXJfaGFzaCI6IjJmM2E2MTViOGZiZmMyZGI4NDI0NTFlNzUxYjUyZWNiMWZmMzQ4NjYiLCJfYXV0aF91c2VyX2JhY2tlbmQiOiJkamFuZ28uY29udHJpYi5hdXRoLmJhY2tlbmRzLk1vZGVsQmFja2VuZCIsIl9hdXRoX3VzZXJfaWQiOiIxIn0=", "expire_date": "2020-11-19T16:44:35.923Z"}}, {"model": "sessions.session", "pk": "66eg0saivt5kbtzc7qfgeuqwj4wo5pqt", "fields": {"session_data": "OTQ5OTQxN2I0NjQ3ZGQxNWViY2U4YTJiNTE2NTcyMmY4MmQ0ZWYxMzp7Il9hdXRoX3VzZXJfaWQiOiI0IiwiX2F1dGhfdXNlcl9oYXNoIjoiZWIxZWYyNzExNjQwNjRjNGFiYTEzNzRhYTNjZmQwZDIwYjBlZWU0NCIsIl9hdXRoX3VzZXJfYmFja2VuZCI6ImRqYW5nby5jb250cmliLmF1dGguYmFja2VuZHMuTW9kZWxCYWNrZW5kIn0=", "expire_date": "2020-05-12T18:06:36.157Z"}}, {"model": "sessions.session", "pk": "66k4kz1gpq6lslwlfw3bcm86lbdpp37g", "fields": {"session_data": "ZDU3OTMwYjdmYzA1YWMyMmYyYjc5Njg0ZjMwMWE1Y2NkNTliZGY1NTp7Il9hdXRoX3VzZXJfaGFzaCI6IjJmM2E2MTViOGZiZmMyZGI4NDI0NTFlNzUxYjUyZWNiMWZmMzQ4NjYiLCJfYXV0aF91c2VyX2JhY2tlbmQiOiJkamFuZ28uY29udHJpYi5hdXRoLmJhY2tlbmRzLk1vZGVsQmFja2VuZCIsIl9hdXRoX3VzZXJfaWQiOiIxIn0=", "expire_date": "2020-12-03T11:34:04.806Z"}}, {"model": "sessions.session", "pk": "6c8xx3flc42ylqj37bxb5dsq0qzuox0g", "fields": {"session_data": "MjJhZDVkMGVmYWYwZjQ0NWE3Zjg5YWUzMzcwOWFmYWY4OTJlMWQ0ZDp7Il9hdXRoX3VzZXJfaGFzaCI6IjJmM2E2MTViOGZiZmMyZGI4NDI0NTFlNzUxYjUyZWNiMWZmMzQ4NjYiLCJfYXV0aF91c2VyX2lkIjoiMSIsIl9hdXRoX3VzZXJfYmFja2VuZCI6ImRqYW5nby5jb250cmliLmF1dGguYmFja2VuZHMuTW9kZWxCYWNrZW5kIn0=", "expire_date": "2019-10-22T19:55:16.457Z"}}, {"model": "sessions.session", "pk": "6dscosaqwi5i48j7i7sj7zlgronilvmz", "fields": {"session_data": "ZDU3OTMwYjdmYzA1YWMyMmYyYjc5Njg0ZjMwMWE1Y2NkNTliZGY1NTp7Il9hdXRoX3VzZXJfaGFzaCI6IjJmM2E2MTViOGZiZmMyZGI4NDI0NTFlNzUxYjUyZWNiMWZmMzQ4NjYiLCJfYXV0aF91c2VyX2JhY2tlbmQiOiJkamFuZ28uY29udHJpYi5hdXRoLmJhY2tlbmRzLk1vZGVsQmFja2VuZCIsIl9hdXRoX3VzZXJfaWQiOiIxIn0=", "expire_date": "2020-01-18T18:52:44.316Z"}}, {"model": "sessions.session", "pk": "6f9u1mbnj96q4ni1mcdb4wqujmsas5sl", "fields": {"session_data": "NzJmN2E1ZmIwZjViOGYwZGQ1NWMxMjE2YjI4OTBkZjZiMWVlMzBmMjp7Il9hdXRoX3VzZXJfaWQiOiI2IiwiX2F1dGhfdXNlcl9iYWNrZW5kIjoiZGphbmdvLmNvbnRyaWIuYXV0aC5iYWNrZW5kcy5Nb2RlbEJhY2tlbmQiLCJfYXV0aF91c2VyX2hhc2giOiJmNTA5ZGU1ZDRlMzk3NWYzMmJlMTgzMzk3ODUyMTMwYTcyMWZlYjU0In0=", "expire_date": "2020-09-27T14:21:53.112Z"}}, {"model": "sessions.session", "pk": "6k874123cxxw1qei1pqy5zs98cabtytt", "fields": {"session_data": "NjIwN2YzMDY3NjczMDk3YzEwNGNlZTIzNDA4ZGMwN2U3NjdmZWUzNTp7Il9hdXRoX3VzZXJfaWQiOiIxIiwiX2F1dGhfdXNlcl9oYXNoIjoiMmYzYTYxNWI4ZmJmYzJkYjg0MjQ1MWU3NTFiNTJlY2IxZmYzNDg2NiIsIl9hdXRoX3VzZXJfYmFja2VuZCI6ImRqYW5nby5jb250cmliLmF1dGguYmFja2VuZHMuTW9kZWxCYWNrZW5kIn0=", "expire_date": "2019-10-29T19:30:08.678Z"}}, {"model": "sessions.session", "pk": "6l73d97knyyxjepejwu5inlz6t6t3igd", "fields": {"session_data": "MWRkOGI1Y2JlYjMyNTBlNjZiYWYwMWZhZGE1YjAyZjE2MWJkZDc1Zjp7Il9hdXRoX3VzZXJfYmFja2VuZCI6ImRqYW5nby5jb250cmliLmF1dGguYmFja2VuZHMuTW9kZWxCYWNrZW5kIiwiX2F1dGhfdXNlcl9pZCI6IjEiLCJfYXV0aF91c2VyX2hhc2giOiIyZjNhNjE1YjhmYmZjMmRiODQyNDUxZTc1MWI1MmVjYjFmZjM0ODY2In0=", "expire_date": "2019-11-16T18:32:29.059Z"}}, {"model": "sessions.session", "pk": "72fjz6ndd6xll6v9nwkl7w786beaudfx", "fields": {"session_data": "NjIwN2YzMDY3NjczMDk3YzEwNGNlZTIzNDA4ZGMwN2U3NjdmZWUzNTp7Il9hdXRoX3VzZXJfaWQiOiIxIiwiX2F1dGhfdXNlcl9oYXNoIjoiMmYzYTYxNWI4ZmJmYzJkYjg0MjQ1MWU3NTFiNTJlY2IxZmYzNDg2NiIsIl9hdXRoX3VzZXJfYmFja2VuZCI6ImRqYW5nby5jb250cmliLmF1dGguYmFja2VuZHMuTW9kZWxCYWNrZW5kIn0=", "expire_date": "2020-06-24T09:31:56.398Z"}}, {"model": "sessions.session", "pk": "7rmymdxycs9r9t3kh8mo0acx4726iy4s", "fields": {"session_data": "MjJhZDVkMGVmYWYwZjQ0NWE3Zjg5YWUzMzcwOWFmYWY4OTJlMWQ0ZDp7Il9hdXRoX3VzZXJfaGFzaCI6IjJmM2E2MTViOGZiZmMyZGI4NDI0NTFlNzUxYjUyZWNiMWZmMzQ4NjYiLCJfYXV0aF91c2VyX2lkIjoiMSIsIl9hdXRoX3VzZXJfYmFja2VuZCI6ImRqYW5nby5jb250cmliLmF1dGguYmFja2VuZHMuTW9kZWxCYWNrZW5kIn0=", "expire_date": "2020-06-24T16:52:57.015Z"}}, {"model": "sessions.session", "pk": "7yi1jiiy71jakhbdv3zjwk2cy9b0n8ri", "fields": {"session_data": "ZjRmZTI1MmRjZTA5Yzk3YmM3MWMyMTU1MjY2ZjhkMjdmMWZhZTI5ZDp7Il9hdXRoX3VzZXJfYmFja2VuZCI6ImRqYW5nby5jb250cmliLmF1dGguYmFja2VuZHMuTW9kZWxCYWNrZW5kIiwiX2F1dGhfdXNlcl9oYXNoIjoiMmYzYTYxNWI4ZmJmYzJkYjg0MjQ1MWU3NTFiNTJlY2IxZmYzNDg2NiIsIl9hdXRoX3VzZXJfaWQiOiIxIn0=", "expire_date": "2020-07-16T13:13:51.900Z"}}, {"model": "sessions.session", "pk": "875itiaib11c642bxwyc9azv54astmjv", "fields": {"session_data": "MjJhZDVkMGVmYWYwZjQ0NWE3Zjg5YWUzMzcwOWFmYWY4OTJlMWQ0ZDp7Il9hdXRoX3VzZXJfaGFzaCI6IjJmM2E2MTViOGZiZmMyZGI4NDI0NTFlNzUxYjUyZWNiMWZmMzQ4NjYiLCJfYXV0aF91c2VyX2lkIjoiMSIsIl9hdXRoX3VzZXJfYmFja2VuZCI6ImRqYW5nby5jb250cmliLmF1dGguYmFja2VuZHMuTW9kZWxCYWNrZW5kIn0=", "expire_date": "2020-03-24T18:40:39.029Z"}}, {"model": "sessions.session", "pk": "8f12r9whoqhn169mucygnasklt4t4yho", "fields": {"session_data": "ZDU3OTMwYjdmYzA1YWMyMmYyYjc5Njg0ZjMwMWE1Y2NkNTliZGY1NTp7Il9hdXRoX3VzZXJfaGFzaCI6IjJmM2E2MTViOGZiZmMyZGI4NDI0NTFlNzUxYjUyZWNiMWZmMzQ4NjYiLCJfYXV0aF91c2VyX2JhY2tlbmQiOiJkamFuZ28uY29udHJpYi5hdXRoLmJhY2tlbmRzLk1vZGVsQmFja2VuZCIsIl9hdXRoX3VzZXJfaWQiOiIxIn0=", "expire_date": "2020-12-21T18:09:51.098Z"}}, {"model": "sessions.session", "pk": "8ibvgzywsagxtnr7rxc63x1ob7cgxs8e", "fields": {"session_data": "OWIwNDE1NzYwMDg2MmIwZGFhNzZhZTE0Yzg2ZmY4ZjZmNmI5M2E5Yjp7Il9hdXRoX3VzZXJfaGFzaCI6ImY1MDlkZTVkNGUzOTc1ZjMyYmUxODMzOTc4NTIxMzBhNzIxZmViNTQiLCJfYXV0aF91c2VyX2lkIjoiNiIsIl9hdXRoX3VzZXJfYmFja2VuZCI6ImRqYW5nby5jb250cmliLmF1dGguYmFja2VuZHMuTW9kZWxCYWNrZW5kIn0=", "expire_date": "2020-02-10T11:16:30.720Z"}}, {"model": "sessions.session", "pk": "92vimvzn6k4wzqyui3iarbmbsp7rwj40", "fields": {"session_data": "ODBjMmJlM2EyYjZiMGE5ZGI1MWVlMzUwNzBhMDc1YTc0NzQ3NjlkZTp7Il9hdXRoX3VzZXJfaGFzaCI6ImY1MDlkZTVkNGUzOTc1ZjMyYmUxODMzOTc4NTIxMzBhNzIxZmViNTQiLCJfYXV0aF91c2VyX2JhY2tlbmQiOiJkamFuZ28uY29udHJpYi5hdXRoLmJhY2tlbmRzLk1vZGVsQmFja2VuZCIsIl9hdXRoX3VzZXJfaWQiOiI2In0=", "expire_date": "2020-03-27T11:57:44.979Z"}}, {"model": "sessions.session", "pk": "93ksmsoypouytn4vtpt04ferxmp92s4e", "fields": {"session_data": "ODBjMmJlM2EyYjZiMGE5ZGI1MWVlMzUwNzBhMDc1YTc0NzQ3NjlkZTp7Il9hdXRoX3VzZXJfaGFzaCI6ImY1MDlkZTVkNGUzOTc1ZjMyYmUxODMzOTc4NTIxMzBhNzIxZmViNTQiLCJfYXV0aF91c2VyX2JhY2tlbmQiOiJkamFuZ28uY29udHJpYi5hdXRoLmJhY2tlbmRzLk1vZGVsQmFja2VuZCIsIl9hdXRoX3VzZXJfaWQiOiI2In0=", "expire_date": "2020-01-26T14:57:12.656Z"}}, {"model": "sessions.session", "pk": "93udm3ru4miojnrlnpqfmfuci70b99m7", "fields": {"session_data": "NzgxMTFlNmNhMWJkMmRhOTAxZjQzM2YxNzk2YmYzZTU0NjE2MWJlNTp7Il9hdXRoX3VzZXJfaWQiOiIxIiwiX2F1dGhfdXNlcl9iYWNrZW5kIjoiZGphbmdvLmNvbnRyaWIuYXV0aC5iYWNrZW5kcy5Nb2RlbEJhY2tlbmQiLCJfYXV0aF91c2VyX2hhc2giOiIyZjNhNjE1YjhmYmZjMmRiODQyNDUxZTc1MWI1MmVjYjFmZjM0ODY2In0=", "expire_date": "2020-12-14T11:01:18.091Z"}}, {"model": "sessions.session", "pk": "9712efx9m69e5643t6fjidku06f5151p", "fields": {"session_data": "YzRkYTVhM2I4NzA4YTNkOGZlMzJmZWM2MjUwMWM1ZTY2NjU1ZTJhYTp7Il9hdXRoX3VzZXJfaWQiOiI3IiwiX2F1dGhfdXNlcl9iYWNrZW5kIjoiZGphbmdvLmNvbnRyaWIuYXV0aC5iYWNrZW5kcy5Nb2RlbEJhY2tlbmQiLCJfYXV0aF91c2VyX2hhc2giOiJmMjg4ZTNhYTQyOTQyYjhjMmFjY2FiMGZjMDgyYjM0NjlkNDZjNTBkIn0=", "expire_date": "2020-11-28T20:19:36.248Z"}}, {"model": "sessions.session", "pk": "9a4fs5807c9iox1pirvzz6pj9ap92m1x", "fields": {"session_data": "NTE2YWZkZTBhMjQzZDk2MjRlMzhiNjM1MmMzYTA2NWNiNTY2YTFlZjp7Il9hdXRoX3VzZXJfaWQiOiI2IiwiX2F1dGhfdXNlcl9oYXNoIjoiZjUwOWRlNWQ0ZTM5NzVmMzJiZTE4MzM5Nzg1MjEzMGE3MjFmZWI1NCIsIl9hdXRoX3VzZXJfYmFja2VuZCI6ImRqYW5nby5jb250cmliLmF1dGguYmFja2VuZHMuTW9kZWxCYWNrZW5kIn0=", "expire_date": "2020-02-14T23:32:16.083Z"}}, {"model": "sessions.session", "pk": "9evwjioe7gpg41zxhis9gnn4uo1pd2bh", "fields": {"session_data": "OGZjOGQwZTA4MTM5YTk4Yjg1OTNmZWVlYjgxYjNlNmQzMWRhZGFkNzp7Il9hdXRoX3VzZXJfYmFja2VuZCI6ImRqYW5nby5jb250cmliLmF1dGguYmFja2VuZHMuTW9kZWxCYWNrZW5kIiwiX2F1dGhfdXNlcl9pZCI6IjYiLCJfYXV0aF91c2VyX2hhc2giOiJmNTA5ZGU1ZDRlMzk3NWYzMmJlMTgzMzk3ODUyMTMwYTcyMWZlYjU0In0=", "expire_date": "2020-02-16T15:43:14.592Z"}}, {"model": "sessions.session", "pk": "9oevwu8q171kdhsudra8xepvqqod4k9j", "fields": {"session_data": "MWRkOGI1Y2JlYjMyNTBlNjZiYWYwMWZhZGE1YjAyZjE2MWJkZDc1Zjp7Il9hdXRoX3VzZXJfYmFja2VuZCI6ImRqYW5nby5jb250cmliLmF1dGguYmFja2VuZHMuTW9kZWxCYWNrZW5kIiwiX2F1dGhfdXNlcl9pZCI6IjEiLCJfYXV0aF91c2VyX2hhc2giOiIyZjNhNjE1YjhmYmZjMmRiODQyNDUxZTc1MWI1MmVjYjFmZjM0ODY2In0=", "expire_date": "2020-12-11T18:56:59.472Z"}}, {"model": "sessions.session", "pk": "9r9cq2rnd4jqzv6514dkbwl67v1zv88b", "fields": {"session_data": "ZjRmZTI1MmRjZTA5Yzk3YmM3MWMyMTU1MjY2ZjhkMjdmMWZhZTI5ZDp7Il9hdXRoX3VzZXJfYmFja2VuZCI6ImRqYW5nby5jb250cmliLmF1dGguYmFja2VuZHMuTW9kZWxCYWNrZW5kIiwiX2F1dGhfdXNlcl9oYXNoIjoiMmYzYTYxNWI4ZmJmYzJkYjg0MjQ1MWU3NTFiNTJlY2IxZmYzNDg2NiIsIl9hdXRoX3VzZXJfaWQiOiIxIn0=", "expire_date": "2020-08-31T17:42:46.141Z"}}, {"model": "sessions.session", "pk": "9vq4snbkxwxkra49b9bmgdh074gxirkb", "fields": {"session_data": "ZjRmZTI1MmRjZTA5Yzk3YmM3MWMyMTU1MjY2ZjhkMjdmMWZhZTI5ZDp7Il9hdXRoX3VzZXJfYmFja2VuZCI6ImRqYW5nby5jb250cmliLmF1dGguYmFja2VuZHMuTW9kZWxCYWNrZW5kIiwiX2F1dGhfdXNlcl9oYXNoIjoiMmYzYTYxNWI4ZmJmYzJkYjg0MjQ1MWU3NTFiNTJlY2IxZmYzNDg2NiIsIl9hdXRoX3VzZXJfaWQiOiIxIn0=", "expire_date": "2020-07-16T09:25:57.416Z"}}, {"model": "sessions.session", "pk": "9zn2y0ofb3p1wgu4udvvtnw1dm628dcy", "fields": {"session_data": "NzgxMTFlNmNhMWJkMmRhOTAxZjQzM2YxNzk2YmYzZTU0NjE2MWJlNTp7Il9hdXRoX3VzZXJfaWQiOiIxIiwiX2F1dGhfdXNlcl9iYWNrZW5kIjoiZGphbmdvLmNvbnRyaWIuYXV0aC5iYWNrZW5kcy5Nb2RlbEJhY2tlbmQiLCJfYXV0aF91c2VyX2hhc2giOiIyZjNhNjE1YjhmYmZjMmRiODQyNDUxZTc1MWI1MmVjYjFmZjM0ODY2In0=", "expire_date": "2021-01-14T18:46:03.744Z"}}, {"model": "sessions.session", "pk": "abc0faypd5hy4bzgvw1v1vj5tt1g6d4d", "fields": {"session_data": "MjJhZDVkMGVmYWYwZjQ0NWE3Zjg5YWUzMzcwOWFmYWY4OTJlMWQ0ZDp7Il9hdXRoX3VzZXJfaGFzaCI6IjJmM2E2MTViOGZiZmMyZGI4NDI0NTFlNzUxYjUyZWNiMWZmMzQ4NjYiLCJfYXV0aF91c2VyX2lkIjoiMSIsIl9hdXRoX3VzZXJfYmFja2VuZCI6ImRqYW5nby5jb250cmliLmF1dGguYmFja2VuZHMuTW9kZWxCYWNrZW5kIn0=", "expire_date": "2020-10-21T18:37:39.523Z"}}, {"model": "sessions.session", "pk": "agkwypwi9lg1msl2cgqn5wim72xakug2", "fields": {"session_data": "NjIwN2YzMDY3NjczMDk3YzEwNGNlZTIzNDA4ZGMwN2U3NjdmZWUzNTp7Il9hdXRoX3VzZXJfaWQiOiIxIiwiX2F1dGhfdXNlcl9oYXNoIjoiMmYzYTYxNWI4ZmJmYzJkYjg0MjQ1MWU3NTFiNTJlY2IxZmYzNDg2NiIsIl9hdXRoX3VzZXJfYmFja2VuZCI6ImRqYW5nby5jb250cmliLmF1dGguYmFja2VuZHMuTW9kZWxCYWNrZW5kIn0=", "expire_date": "2021-01-19T15:25:34.374Z"}}, {"model": "sessions.session", "pk": "aibgfk5dhwipt9jsil8c1jvswlwyyrd4", "fields": {"session_data": "OWIwNDE1NzYwMDg2MmIwZGFhNzZhZTE0Yzg2ZmY4ZjZmNmI5M2E5Yjp7Il9hdXRoX3VzZXJfaGFzaCI6ImY1MDlkZTVkNGUzOTc1ZjMyYmUxODMzOTc4NTIxMzBhNzIxZmViNTQiLCJfYXV0aF91c2VyX2lkIjoiNiIsIl9hdXRoX3VzZXJfYmFja2VuZCI6ImRqYW5nby5jb250cmliLmF1dGguYmFja2VuZHMuTW9kZWxCYWNrZW5kIn0=", "expire_date": "2020-03-15T17:37:03.506Z"}}, {"model": "sessions.session", "pk": "all1bqym0c20ufu3byd7ntmiko14zotg", "fields": {"session_data": "NzgxMTFlNmNhMWJkMmRhOTAxZjQzM2YxNzk2YmYzZTU0NjE2MWJlNTp7Il9hdXRoX3VzZXJfaWQiOiIxIiwiX2F1dGhfdXNlcl9iYWNrZW5kIjoiZGphbmdvLmNvbnRyaWIuYXV0aC5iYWNrZW5kcy5Nb2RlbEJhY2tlbmQiLCJfYXV0aF91c2VyX2hhc2giOiIyZjNhNjE1YjhmYmZjMmRiODQyNDUxZTc1MWI1MmVjYjFmZjM0ODY2In0=", "expire_date": "2021-02-11T19:33:43.681Z"}}, {"model": "sessions.session", "pk": "alws6c1bahhfb9s037y8jdu59idupb53", "fields": {"session_data": "MjJhZDVkMGVmYWYwZjQ0NWE3Zjg5YWUzMzcwOWFmYWY4OTJlMWQ0ZDp7Il9hdXRoX3VzZXJfaGFzaCI6IjJmM2E2MTViOGZiZmMyZGI4NDI0NTFlNzUxYjUyZWNiMWZmMzQ4NjYiLCJfYXV0aF91c2VyX2lkIjoiMSIsIl9hdXRoX3VzZXJfYmFja2VuZCI6ImRqYW5nby5jb250cmliLmF1dGguYmFja2VuZHMuTW9kZWxCYWNrZW5kIn0=", "expire_date": "2019-11-23T14:37:04.845Z"}}, {"model": "sessions.session", "pk": "anpbv00m7uisyq0o43ier04fzsfxarsa", "fields": {"session_data": "MWRkOGI1Y2JlYjMyNTBlNjZiYWYwMWZhZGE1YjAyZjE2MWJkZDc1Zjp7Il9hdXRoX3VzZXJfYmFja2VuZCI6ImRqYW5nby5jb250cmliLmF1dGguYmFja2VuZHMuTW9kZWxCYWNrZW5kIiwiX2F1dGhfdXNlcl9pZCI6IjEiLCJfYXV0aF91c2VyX2hhc2giOiIyZjNhNjE1YjhmYmZjMmRiODQyNDUxZTc1MWI1MmVjYjFmZjM0ODY2In0=", "expire_date": "2019-11-03T20:18:00.164Z"}}, {"model": "sessions.session", "pk": "ap6b70tvh4minqmaicccqjaplr82wdgj", "fields": {"session_data": "MjJhZDVkMGVmYWYwZjQ0NWE3Zjg5YWUzMzcwOWFmYWY4OTJlMWQ0ZDp7Il9hdXRoX3VzZXJfaGFzaCI6IjJmM2E2MTViOGZiZmMyZGI4NDI0NTFlNzUxYjUyZWNiMWZmMzQ4NjYiLCJfYXV0aF91c2VyX2lkIjoiMSIsIl9hdXRoX3VzZXJfYmFja2VuZCI6ImRqYW5nby5jb250cmliLmF1dGguYmFja2VuZHMuTW9kZWxCYWNrZW5kIn0=", "expire_date": "2021-02-28T13:20:34.604Z"}}, {"model": "sessions.session", "pk": "atlazs3w0k9ki107uphxgovz9n5uvgex", "fields": {"session_data": "NzJmN2E1ZmIwZjViOGYwZGQ1NWMxMjE2YjI4OTBkZjZiMWVlMzBmMjp7Il9hdXRoX3VzZXJfaWQiOiI2IiwiX2F1dGhfdXNlcl9iYWNrZW5kIjoiZGphbmdvLmNvbnRyaWIuYXV0aC5iYWNrZW5kcy5Nb2RlbEJhY2tlbmQiLCJfYXV0aF91c2VyX2hhc2giOiJmNTA5ZGU1ZDRlMzk3NWYzMmJlMTgzMzk3ODUyMTMwYTcyMWZlYjU0In0=", "expire_date": "2019-12-23T20:17:10.015Z"}}, {"model": "sessions.session", "pk": "atldvttfvgrz8d3qujrjoaifbkia8wd8", "fields": {"session_data": "MjJhZDVkMGVmYWYwZjQ0NWE3Zjg5YWUzMzcwOWFmYWY4OTJlMWQ0ZDp7Il9hdXRoX3VzZXJfaGFzaCI6IjJmM2E2MTViOGZiZmMyZGI4NDI0NTFlNzUxYjUyZWNiMWZmMzQ4NjYiLCJfYXV0aF91c2VyX2lkIjoiMSIsIl9hdXRoX3VzZXJfYmFja2VuZCI6ImRqYW5nby5jb250cmliLmF1dGguYmFja2VuZHMuTW9kZWxCYWNrZW5kIn0=", "expire_date": "2019-12-12T17:20:08.555Z"}}, {"model": "sessions.session", "pk": "awx56zh23cuvv8b4yeh0z8l7d19hvlb3", "fields": {"session_data": "NzgxMTFlNmNhMWJkMmRhOTAxZjQzM2YxNzk2YmYzZTU0NjE2MWJlNTp7Il9hdXRoX3VzZXJfaWQiOiIxIiwiX2F1dGhfdXNlcl9iYWNrZW5kIjoiZGphbmdvLmNvbnRyaWIuYXV0aC5iYWNrZW5kcy5Nb2RlbEJhY2tlbmQiLCJfYXV0aF91c2VyX2hhc2giOiIyZjNhNjE1YjhmYmZjMmRiODQyNDUxZTc1MWI1MmVjYjFmZjM0ODY2In0=", "expire_date": "2020-12-01T20:50:24.830Z"}}, {"model": "sessions.session", "pk": "aylfqlt49e7b50d3k7h934yg1jtmecs7", "fields": {"session_data": "OGZjOGQwZTA4MTM5YTk4Yjg1OTNmZWVlYjgxYjNlNmQzMWRhZGFkNzp7Il9hdXRoX3VzZXJfYmFja2VuZCI6ImRqYW5nby5jb250cmliLmF1dGguYmFja2VuZHMuTW9kZWxCYWNrZW5kIiwiX2F1dGhfdXNlcl9pZCI6IjYiLCJfYXV0aF91c2VyX2hhc2giOiJmNTA5ZGU1ZDRlMzk3NWYzMmJlMTgzMzk3ODUyMTMwYTcyMWZlYjU0In0=", "expire_date": "2020-02-15T19:40:28.089Z"}}, {"model": "sessions.session", "pk": "azrj2yjjtlihamgfe4pufm6l5kuchgb6", "fields": {"session_data": "MGJlNjllYzZkZGMxZjU5NmEyMjAzNzdlMjhkOGYxYjliOGE1MDcxZjp7Il9hdXRoX3VzZXJfaWQiOiI0IiwiX2F1dGhfdXNlcl9iYWNrZW5kIjoiZGphbmdvLmNvbnRyaWIuYXV0aC5iYWNrZW5kcy5Nb2RlbEJhY2tlbmQiLCJfYXV0aF91c2VyX2hhc2giOiJlYjFlZjI3MTE2NDA2NGM0YWJhMTM3NGFhM2NmZDBkMjBiMGVlZTQ0In0=", "expire_date": "2020-09-02T17:54:57.768Z"}}, {"model": "sessions.session", "pk": "b9aqilchhzfmpnzpl9utr6y5tl7828k2", "fields": {"session_data": "ZDdkY2RmYmJjOTliMDg1Y2RjNDJjYWZhOGRjODA4MzgyN2EyZTUxZTp7Il9hdXRoX3VzZXJfYmFja2VuZCI6ImRqYW5nby5jb250cmliLmF1dGguYmFja2VuZHMuTW9kZWxCYWNrZW5kIiwiX2F1dGhfdXNlcl9oYXNoIjoiZWIxZWYyNzExNjQwNjRjNGFiYTEzNzRhYTNjZmQwZDIwYjBlZWU0NCIsIl9hdXRoX3VzZXJfaWQiOiI0In0=", "expire_date": "2021-01-27T16:49:02.549Z"}}, {"model": "sessions.session", "pk": "bcysnxqs2qtyoefb8dsqdegnph0dbzl2", "fields": {"session_data": "ZjRmZTI1MmRjZTA5Yzk3YmM3MWMyMTU1MjY2ZjhkMjdmMWZhZTI5ZDp7Il9hdXRoX3VzZXJfYmFja2VuZCI6ImRqYW5nby5jb250cmliLmF1dGguYmFja2VuZHMuTW9kZWxCYWNrZW5kIiwiX2F1dGhfdXNlcl9oYXNoIjoiMmYzYTYxNWI4ZmJmYzJkYjg0MjQ1MWU3NTFiNTJlY2IxZmYzNDg2NiIsIl9hdXRoX3VzZXJfaWQiOiIxIn0=", "expire_date": "2019-11-19T19:14:31.825Z"}}, {"model": "sessions.session", "pk": "bfze7y3mqyj80zmw5zljbj56odygujso", "fields": {"session_data": "NzgxMTFlNmNhMWJkMmRhOTAxZjQzM2YxNzk2YmYzZTU0NjE2MWJlNTp7Il9hdXRoX3VzZXJfaWQiOiIxIiwiX2F1dGhfdXNlcl9iYWNrZW5kIjoiZGphbmdvLmNvbnRyaWIuYXV0aC5iYWNrZW5kcy5Nb2RlbEJhY2tlbmQiLCJfYXV0aF91c2VyX2hhc2giOiIyZjNhNjE1YjhmYmZjMmRiODQyNDUxZTc1MWI1MmVjYjFmZjM0ODY2In0=", "expire_date": "2020-09-02T12:09:10.061Z"}}, {"model": "sessions.session", "pk": "bg3o6jhfxvpbf5dzgyve3iyvse9nun61", "fields": {"session_data": "ZjRmZTI1MmRjZTA5Yzk3YmM3MWMyMTU1MjY2ZjhkMjdmMWZhZTI5ZDp7Il9hdXRoX3VzZXJfYmFja2VuZCI6ImRqYW5nby5jb250cmliLmF1dGguYmFja2VuZHMuTW9kZWxCYWNrZW5kIiwiX2F1dGhfdXNlcl9oYXNoIjoiMmYzYTYxNWI4ZmJmYzJkYjg0MjQ1MWU3NTFiNTJlY2IxZmYzNDg2NiIsIl9hdXRoX3VzZXJfaWQiOiIxIn0=", "expire_date": "2020-10-17T16:40:40.060Z"}}, {"model": "sessions.session", "pk": "bm1r4wbb8rbiyqu69z3hysxlpueg2z78", "fields": {"session_data": "MjAxZDhkN2FiYzg0MTc3Y2U5NTZmYTA0ZDQ0YzcwMjdiYjk0ZTVmYTp7Il9hdXRoX3VzZXJfYmFja2VuZCI6ImRqYW5nby5jb250cmliLmF1dGguYmFja2VuZHMuTW9kZWxCYWNrZW5kIiwiX2F1dGhfdXNlcl9oYXNoIjoiZjI4OGUzYWE0Mjk0MmI4YzJhY2NhYjBmYzA4MmIzNDY5ZDQ2YzUwZCIsIl9hdXRoX3VzZXJfaWQiOiI3In0=", "expire_date": "2020-12-29T18:33:14.627Z"}}, {"model": "sessions.session", "pk": "bvcdi9hrtey668vgu5cp1ie3pq27lbh6", "fields": {"session_data": "ZjRmZTI1MmRjZTA5Yzk3YmM3MWMyMTU1MjY2ZjhkMjdmMWZhZTI5ZDp7Il9hdXRoX3VzZXJfYmFja2VuZCI6ImRqYW5nby5jb250cmliLmF1dGguYmFja2VuZHMuTW9kZWxCYWNrZW5kIiwiX2F1dGhfdXNlcl9oYXNoIjoiMmYzYTYxNWI4ZmJmYzJkYjg0MjQ1MWU3NTFiNTJlY2IxZmYzNDg2NiIsIl9hdXRoX3VzZXJfaWQiOiIxIn0=", "expire_date": "2019-11-21T02:49:37.657Z"}}, {"model": "sessions.session", "pk": "bwcjnn726krr9mnrq63gn95exgidkcb2", "fields": {"session_data": "ZDU3OTMwYjdmYzA1YWMyMmYyYjc5Njg0ZjMwMWE1Y2NkNTliZGY1NTp7Il9hdXRoX3VzZXJfaGFzaCI6IjJmM2E2MTViOGZiZmMyZGI4NDI0NTFlNzUxYjUyZWNiMWZmMzQ4NjYiLCJfYXV0aF91c2VyX2JhY2tlbmQiOiJkamFuZ28uY29udHJpYi5hdXRoLmJhY2tlbmRzLk1vZGVsQmFja2VuZCIsIl9hdXRoX3VzZXJfaWQiOiIxIn0=", "expire_date": "2019-10-29T14:24:08.738Z"}}, {"model": "sessions.session", "pk": "c0g79mupz7z4mu8d2ubm5d0kcdz60jc7", "fields": {"session_data": "NzgxMTFlNmNhMWJkMmRhOTAxZjQzM2YxNzk2YmYzZTU0NjE2MWJlNTp7Il9hdXRoX3VzZXJfaWQiOiIxIiwiX2F1dGhfdXNlcl9iYWNrZW5kIjoiZGphbmdvLmNvbnRyaWIuYXV0aC5iYWNrZW5kcy5Nb2RlbEJhY2tlbmQiLCJfYXV0aF91c2VyX2hhc2giOiIyZjNhNjE1YjhmYmZjMmRiODQyNDUxZTc1MWI1MmVjYjFmZjM0ODY2In0=", "expire_date": "2020-09-17T17:14:59.165Z"}}, {"model": "sessions.session", "pk": "casb39r46m1bvvvqajui1d7a0e7kvfsa", "fields": {"session_data": "NzgxMTFlNmNhMWJkMmRhOTAxZjQzM2YxNzk2YmYzZTU0NjE2MWJlNTp7Il9hdXRoX3VzZXJfaWQiOiIxIiwiX2F1dGhfdXNlcl9iYWNrZW5kIjoiZGphbmdvLmNvbnRyaWIuYXV0aC5iYWNrZW5kcy5Nb2RlbEJhY2tlbmQiLCJfYXV0aF91c2VyX2hhc2giOiIyZjNhNjE1YjhmYmZjMmRiODQyNDUxZTc1MWI1MmVjYjFmZjM0ODY2In0=", "expire_date": "2020-10-20T10:26:52.404Z"}}, {"model": "sessions.session", "pk": "co00y4melianp2hyjcczovzgc5vqfbe9", "fields": {"session_data": "ZjRmZTI1MmRjZTA5Yzk3YmM3MWMyMTU1MjY2ZjhkMjdmMWZhZTI5ZDp7Il9hdXRoX3VzZXJfYmFja2VuZCI6ImRqYW5nby5jb250cmliLmF1dGguYmFja2VuZHMuTW9kZWxCYWNrZW5kIiwiX2F1dGhfdXNlcl9oYXNoIjoiMmYzYTYxNWI4ZmJmYzJkYjg0MjQ1MWU3NTFiNTJlY2IxZmYzNDg2NiIsIl9hdXRoX3VzZXJfaWQiOiIxIn0=", "expire_date": "2020-06-23T15:10:42.348Z"}}, {"model": "sessions.session", "pk": "coauih16174bh4qq98ij5pprgg1o4s1h", "fields": {"session_data": "OGZjOGQwZTA4MTM5YTk4Yjg1OTNmZWVlYjgxYjNlNmQzMWRhZGFkNzp7Il9hdXRoX3VzZXJfYmFja2VuZCI6ImRqYW5nby5jb250cmliLmF1dGguYmFja2VuZHMuTW9kZWxCYWNrZW5kIiwiX2F1dGhfdXNlcl9pZCI6IjYiLCJfYXV0aF91c2VyX2hhc2giOiJmNTA5ZGU1ZDRlMzk3NWYzMmJlMTgzMzk3ODUyMTMwYTcyMWZlYjU0In0=", "expire_date": "2020-02-08T18:54:03.858Z"}}, {"model": "sessions.session", "pk": "cp6i975jtrqtt5u1njlm8k6oyvbxpupv", "fields": {"session_data": "MTlhMTc3N2U2MjRmNmI4MjNlYjFmMmQyYWViOGYyZTJlNmQwZjdlMTp7Il9hdXRoX3VzZXJfYmFja2VuZCI6ImRqYW5nby5jb250cmliLmF1dGguYmFja2VuZHMuTW9kZWxCYWNrZW5kIiwiX2F1dGhfdXNlcl9pZCI6IjQiLCJfYXV0aF91c2VyX2hhc2giOiJlYjFlZjI3MTE2NDA2NGM0YWJhMTM3NGFhM2NmZDBkMjBiMGVlZTQ0In0=", "expire_date": "2020-05-04T23:40:28.511Z"}}, {"model": "sessions.session", "pk": "cpnqvivvyupdgtg7zfb3hgonn1070fdl", "fields": {"session_data": "NjIwN2YzMDY3NjczMDk3YzEwNGNlZTIzNDA4ZGMwN2U3NjdmZWUzNTp7Il9hdXRoX3VzZXJfaWQiOiIxIiwiX2F1dGhfdXNlcl9oYXNoIjoiMmYzYTYxNWI4ZmJmYzJkYjg0MjQ1MWU3NTFiNTJlY2IxZmYzNDg2NiIsIl9hdXRoX3VzZXJfYmFja2VuZCI6ImRqYW5nby5jb250cmliLmF1dGguYmFja2VuZHMuTW9kZWxCYWNrZW5kIn0=", "expire_date": "2020-12-09T14:19:42.663Z"}}, {"model": "sessions.session", "pk": "d6d3jfhdau3f1szs7lnedif4tkox3h3o", "fields": {"session_data": "ZDU3OTMwYjdmYzA1YWMyMmYyYjc5Njg0ZjMwMWE1Y2NkNTliZGY1NTp7Il9hdXRoX3VzZXJfaGFzaCI6IjJmM2E2MTViOGZiZmMyZGI4NDI0NTFlNzUxYjUyZWNiMWZmMzQ4NjYiLCJfYXV0aF91c2VyX2JhY2tlbmQiOiJkamFuZ28uY29udHJpYi5hdXRoLmJhY2tlbmRzLk1vZGVsQmFja2VuZCIsIl9hdXRoX3VzZXJfaWQiOiIxIn0=", "expire_date": "2020-11-17T23:53:15.939Z"}}, {"model": "sessions.session", "pk": "d7nl6dhr1q4s81un9u0w6z4ad1h2crvi", "fields": {"session_data": "ZjRmZTI1MmRjZTA5Yzk3YmM3MWMyMTU1MjY2ZjhkMjdmMWZhZTI5ZDp7Il9hdXRoX3VzZXJfYmFja2VuZCI6ImRqYW5nby5jb250cmliLmF1dGguYmFja2VuZHMuTW9kZWxCYWNrZW5kIiwiX2F1dGhfdXNlcl9oYXNoIjoiMmYzYTYxNWI4ZmJmYzJkYjg0MjQ1MWU3NTFiNTJlY2IxZmYzNDg2NiIsIl9hdXRoX3VzZXJfaWQiOiIxIn0=", "expire_date": "2020-06-23T20:37:18.921Z"}}, {"model": "sessions.session", "pk": "deklq76tbdzqhgr2j6rn1n5mkrcjsvhv", "fields": {"session_data": "NzgxMTFlNmNhMWJkMmRhOTAxZjQzM2YxNzk2YmYzZTU0NjE2MWJlNTp7Il9hdXRoX3VzZXJfaWQiOiIxIiwiX2F1dGhfdXNlcl9iYWNrZW5kIjoiZGphbmdvLmNvbnRyaWIuYXV0aC5iYWNrZW5kcy5Nb2RlbEJhY2tlbmQiLCJfYXV0aF91c2VyX2hhc2giOiIyZjNhNjE1YjhmYmZjMmRiODQyNDUxZTc1MWI1MmVjYjFmZjM0ODY2In0=", "expire_date": "2020-12-14T15:12:43.196Z"}}, {"model": "sessions.session", "pk": "dn04so8qorv036bh0r22qaf9c7v6ho0w", "fields": {"session_data": "ZjRmZTI1MmRjZTA5Yzk3YmM3MWMyMTU1MjY2ZjhkMjdmMWZhZTI5ZDp7Il9hdXRoX3VzZXJfYmFja2VuZCI6ImRqYW5nby5jb250cmliLmF1dGguYmFja2VuZHMuTW9kZWxCYWNrZW5kIiwiX2F1dGhfdXNlcl9oYXNoIjoiMmYzYTYxNWI4ZmJmYzJkYjg0MjQ1MWU3NTFiNTJlY2IxZmYzNDg2NiIsIl9hdXRoX3VzZXJfaWQiOiIxIn0=", "expire_date": "2020-08-31T21:53:13.175Z"}}, {"model": "sessions.session", "pk": "do3x7rcupb5tiijc1etwddipgokfuve7", "fields": {"session_data": "MjJhZDVkMGVmYWYwZjQ0NWE3Zjg5YWUzMzcwOWFmYWY4OTJlMWQ0ZDp7Il9hdXRoX3VzZXJfaGFzaCI6IjJmM2E2MTViOGZiZmMyZGI4NDI0NTFlNzUxYjUyZWNiMWZmMzQ4NjYiLCJfYXV0aF91c2VyX2lkIjoiMSIsIl9hdXRoX3VzZXJfYmFja2VuZCI6ImRqYW5nby5jb250cmliLmF1dGguYmFja2VuZHMuTW9kZWxCYWNrZW5kIn0=", "expire_date": "2019-11-22T12:44:18.196Z"}}, {"model": "sessions.session", "pk": "dwc45jbxq0w361vhkayli1nz3sy3paih", "fields": {"session_data": "MjJhZDVkMGVmYWYwZjQ0NWE3Zjg5YWUzMzcwOWFmYWY4OTJlMWQ0ZDp7Il9hdXRoX3VzZXJfaGFzaCI6IjJmM2E2MTViOGZiZmMyZGI4NDI0NTFlNzUxYjUyZWNiMWZmMzQ4NjYiLCJfYXV0aF91c2VyX2lkIjoiMSIsIl9hdXRoX3VzZXJfYmFja2VuZCI6ImRqYW5nby5jb250cmliLmF1dGguYmFja2VuZHMuTW9kZWxCYWNrZW5kIn0=", "expire_date": "2019-12-12T20:20:19.208Z"}}, {"model": "sessions.session", "pk": "e09usms9p8dgqxdd0jryvcb4fzxsd5no", "fields": {"session_data": "NjIwN2YzMDY3NjczMDk3YzEwNGNlZTIzNDA4ZGMwN2U3NjdmZWUzNTp7Il9hdXRoX3VzZXJfaWQiOiIxIiwiX2F1dGhfdXNlcl9oYXNoIjoiMmYzYTYxNWI4ZmJmYzJkYjg0MjQ1MWU3NTFiNTJlY2IxZmYzNDg2NiIsIl9hdXRoX3VzZXJfYmFja2VuZCI6ImRqYW5nby5jb250cmliLmF1dGguYmFja2VuZHMuTW9kZWxCYWNrZW5kIn0=", "expire_date": "2020-10-30T13:37:54.980Z"}}, {"model": "sessions.session", "pk": "e2z5x0ogilp3l66551ixk6rmhh7mcyhh", "fields": {"session_data": "NGE2MjU3YWNkNjgwMDFlZDVmYjg3YzBkNTExZjNiZjU4Y2U5MjQyZTp7Il9hdXRoX3VzZXJfaGFzaCI6IjMxYTZlMWY1YWRiNWM2MTBlNzVmMmUxOTk0ZDcxODU2MzA3NDZmMTQiLCJfYXV0aF91c2VyX2lkIjoiMyIsIl9hdXRoX3VzZXJfYmFja2VuZCI6ImRqYW5nby5jb250cmliLmF1dGguYmFja2VuZHMuTW9kZWxCYWNrZW5kIn0=", "expire_date": "2019-11-02T17:21:29.867Z"}}, {"model": "sessions.session", "pk": "e3udu0oeb0k1h8bjejjxhpdavisoxqoa", "fields": {"session_data": "ZDdkY2RmYmJjOTliMDg1Y2RjNDJjYWZhOGRjODA4MzgyN2EyZTUxZTp7Il9hdXRoX3VzZXJfYmFja2VuZCI6ImRqYW5nby5jb250cmliLmF1dGguYmFja2VuZHMuTW9kZWxCYWNrZW5kIiwiX2F1dGhfdXNlcl9oYXNoIjoiZWIxZWYyNzExNjQwNjRjNGFiYTEzNzRhYTNjZmQwZDIwYjBlZWU0NCIsIl9hdXRoX3VzZXJfaWQiOiI0In0=", "expire_date": "2020-06-12T20:00:33.079Z"}}, {"model": "sessions.session", "pk": "eocygj5r13pq3n83bcct65kvbhzgmgj6", "fields": {"session_data": "NTE2YWZkZTBhMjQzZDk2MjRlMzhiNjM1MmMzYTA2NWNiNTY2YTFlZjp7Il9hdXRoX3VzZXJfaWQiOiI2IiwiX2F1dGhfdXNlcl9oYXNoIjoiZjUwOWRlNWQ0ZTM5NzVmMzJiZTE4MzM5Nzg1MjEzMGE3MjFmZWI1NCIsIl9hdXRoX3VzZXJfYmFja2VuZCI6ImRqYW5nby5jb250cmliLmF1dGguYmFja2VuZHMuTW9kZWxCYWNrZW5kIn0=", "expire_date": "2020-02-15T15:47:20.382Z"}}, {"model": "sessions.session", "pk": "eozv0v7o12qhnehclg7wmly4amddnhzz", "fields": {"session_data": "MTlhMTc3N2U2MjRmNmI4MjNlYjFmMmQyYWViOGYyZTJlNmQwZjdlMTp7Il9hdXRoX3VzZXJfYmFja2VuZCI6ImRqYW5nby5jb250cmliLmF1dGguYmFja2VuZHMuTW9kZWxCYWNrZW5kIiwiX2F1dGhfdXNlcl9pZCI6IjQiLCJfYXV0aF91c2VyX2hhc2giOiJlYjFlZjI3MTE2NDA2NGM0YWJhMTM3NGFhM2NmZDBkMjBiMGVlZTQ0In0=", "expire_date": "2020-04-08T10:24:30.524Z"}}, {"model": "sessions.session", "pk": "erjsxz1qsuzwqdy5rrlgckbgai5tie5m", "fields": {"session_data": "ZDU3OTMwYjdmYzA1YWMyMmYyYjc5Njg0ZjMwMWE1Y2NkNTliZGY1NTp7Il9hdXRoX3VzZXJfaGFzaCI6IjJmM2E2MTViOGZiZmMyZGI4NDI0NTFlNzUxYjUyZWNiMWZmMzQ4NjYiLCJfYXV0aF91c2VyX2JhY2tlbmQiOiJkamFuZ28uY29udHJpYi5hdXRoLmJhY2tlbmRzLk1vZGVsQmFja2VuZCIsIl9hdXRoX3VzZXJfaWQiOiIxIn0=", "expire_date": "2020-08-10T13:51:37.884Z"}}, {"model": "sessions.session", "pk": "es6wpnj11lma40b6d6mu0n7lqp0d5gp0", "fields": {"session_data": "NzgxMTFlNmNhMWJkMmRhOTAxZjQzM2YxNzk2YmYzZTU0NjE2MWJlNTp7Il9hdXRoX3VzZXJfaWQiOiIxIiwiX2F1dGhfdXNlcl9iYWNrZW5kIjoiZGphbmdvLmNvbnRyaWIuYXV0aC5iYWNrZW5kcy5Nb2RlbEJhY2tlbmQiLCJfYXV0aF91c2VyX2hhc2giOiIyZjNhNjE1YjhmYmZjMmRiODQyNDUxZTc1MWI1MmVjYjFmZjM0ODY2In0=", "expire_date": "2020-10-29T15:34:42.455Z"}}, {"model": "sessions.session", "pk": "f8i9cz7ohnq974boaubecwdcduhcrrde", "fields": {"session_data": "YjVhNmEyZGIwZjk1YjU5OGJlYjk1ZjUxZDk3N2VjM2JiZjVlMzYxNTp7Il9hdXRoX3VzZXJfaWQiOiI3IiwiX2F1dGhfdXNlcl9oYXNoIjoiZjI4OGUzYWE0Mjk0MmI4YzJhY2NhYjBmYzA4MmIzNDY5ZDQ2YzUwZCIsIl9hdXRoX3VzZXJfYmFja2VuZCI6ImRqYW5nby5jb250cmliLmF1dGguYmFja2VuZHMuTW9kZWxCYWNrZW5kIn0=", "expire_date": "2020-10-12T17:46:49.706Z"}}, {"model": "sessions.session", "pk": "g7vz7b8qxk4bme4c4wlarkh0m206peoa", "fields": {"session_data": "MjJhZDVkMGVmYWYwZjQ0NWE3Zjg5YWUzMzcwOWFmYWY4OTJlMWQ0ZDp7Il9hdXRoX3VzZXJfaGFzaCI6IjJmM2E2MTViOGZiZmMyZGI4NDI0NTFlNzUxYjUyZWNiMWZmMzQ4NjYiLCJfYXV0aF91c2VyX2lkIjoiMSIsIl9hdXRoX3VzZXJfYmFja2VuZCI6ImRqYW5nby5jb250cmliLmF1dGguYmFja2VuZHMuTW9kZWxCYWNrZW5kIn0=", "expire_date": "2019-11-23T17:55:37.557Z"}}, {"model": "sessions.session", "pk": "gabmswv1m750ujlq6b31unm38aupvy32", "fields": {"session_data": "MjJhZDVkMGVmYWYwZjQ0NWE3Zjg5YWUzMzcwOWFmYWY4OTJlMWQ0ZDp7Il9hdXRoX3VzZXJfaGFzaCI6IjJmM2E2MTViOGZiZmMyZGI4NDI0NTFlNzUxYjUyZWNiMWZmMzQ4NjYiLCJfYXV0aF91c2VyX2lkIjoiMSIsIl9hdXRoX3VzZXJfYmFja2VuZCI6ImRqYW5nby5jb250cmliLmF1dGguYmFja2VuZHMuTW9kZWxCYWNrZW5kIn0=", "expire_date": "2020-01-12T20:43:53.444Z"}}, {"model": "sessions.session", "pk": "gugxh5mzvji7hjlx2fl8w5406p4ku3sa", "fields": {"session_data": "ODBjMmJlM2EyYjZiMGE5ZGI1MWVlMzUwNzBhMDc1YTc0NzQ3NjlkZTp7Il9hdXRoX3VzZXJfaGFzaCI6ImY1MDlkZTVkNGUzOTc1ZjMyYmUxODMzOTc4NTIxMzBhNzIxZmViNTQiLCJfYXV0aF91c2VyX2JhY2tlbmQiOiJkamFuZ28uY29udHJpYi5hdXRoLmJhY2tlbmRzLk1vZGVsQmFja2VuZCIsIl9hdXRoX3VzZXJfaWQiOiI2In0=", "expire_date": "2020-03-29T18:58:43.255Z"}}, {"model": "sessions.session", "pk": "h2cgr7ii7byzledmfcvgquza9sybgfuu", "fields": {"session_data": "NjIwN2YzMDY3NjczMDk3YzEwNGNlZTIzNDA4ZGMwN2U3NjdmZWUzNTp7Il9hdXRoX3VzZXJfaWQiOiIxIiwiX2F1dGhfdXNlcl9oYXNoIjoiMmYzYTYxNWI4ZmJmYzJkYjg0MjQ1MWU3NTFiNTJlY2IxZmYzNDg2NiIsIl9hdXRoX3VzZXJfYmFja2VuZCI6ImRqYW5nby5jb250cmliLmF1dGguYmFja2VuZHMuTW9kZWxCYWNrZW5kIn0=", "expire_date": "2020-10-17T00:11:03.666Z"}}, {"model": "sessions.session", "pk": "hes84vgblituaycgislu1ea2cb0wzsh9", "fields": {"session_data": "MjJhZDVkMGVmYWYwZjQ0NWE3Zjg5YWUzMzcwOWFmYWY4OTJlMWQ0ZDp7Il9hdXRoX3VzZXJfaGFzaCI6IjJmM2E2MTViOGZiZmMyZGI4NDI0NTFlNzUxYjUyZWNiMWZmMzQ4NjYiLCJfYXV0aF91c2VyX2lkIjoiMSIsIl9hdXRoX3VzZXJfYmFja2VuZCI6ImRqYW5nby5jb250cmliLmF1dGguYmFja2VuZHMuTW9kZWxCYWNrZW5kIn0=", "expire_date": "2020-07-14T23:17:13.246Z"}}, {"model": "sessions.session", "pk": "hk3aqyme7i0i0htgtg13f1p1dzjnnhue", "fields": {"session_data": "NjIwN2YzMDY3NjczMDk3YzEwNGNlZTIzNDA4ZGMwN2U3NjdmZWUzNTp7Il9hdXRoX3VzZXJfaWQiOiIxIiwiX2F1dGhfdXNlcl9oYXNoIjoiMmYzYTYxNWI4ZmJmYzJkYjg0MjQ1MWU3NTFiNTJlY2IxZmYzNDg2NiIsIl9hdXRoX3VzZXJfYmFja2VuZCI6ImRqYW5nby5jb250cmliLmF1dGguYmFja2VuZHMuTW9kZWxCYWNrZW5kIn0=", "expire_date": "2020-10-23T12:52:09.099Z"}}, {"model": "sessions.session", "pk": "hnqxgk3xqtldqigo5zj9mmo7n7mo56qm", "fields": {"session_data": "OGZjOGQwZTA4MTM5YTk4Yjg1OTNmZWVlYjgxYjNlNmQzMWRhZGFkNzp7Il9hdXRoX3VzZXJfYmFja2VuZCI6ImRqYW5nby5jb250cmliLmF1dGguYmFja2VuZHMuTW9kZWxCYWNrZW5kIiwiX2F1dGhfdXNlcl9pZCI6IjYiLCJfYXV0aF91c2VyX2hhc2giOiJmNTA5ZGU1ZDRlMzk3NWYzMmJlMTgzMzk3ODUyMTMwYTcyMWZlYjU0In0=", "expire_date": "2020-04-09T19:52:10.781Z"}}, {"model": "sessions.session", "pk": "i8tovn6lcnm9esne9uavj4ld8i93o3sy", "fields": {"session_data": "ZjRmZTI1MmRjZTA5Yzk3YmM3MWMyMTU1MjY2ZjhkMjdmMWZhZTI5ZDp7Il9hdXRoX3VzZXJfYmFja2VuZCI6ImRqYW5nby5jb250cmliLmF1dGguYmFja2VuZHMuTW9kZWxCYWNrZW5kIiwiX2F1dGhfdXNlcl9oYXNoIjoiMmYzYTYxNWI4ZmJmYzJkYjg0MjQ1MWU3NTFiNTJlY2IxZmYzNDg2NiIsIl9hdXRoX3VzZXJfaWQiOiIxIn0=", "expire_date": "2021-01-15T17:50:47.389Z"}}, {"model": "sessions.session", "pk": "icsxufawoyma9hthihcfcq258t45iuv6", "fields": {"session_data": "MWRkOGI1Y2JlYjMyNTBlNjZiYWYwMWZhZGE1YjAyZjE2MWJkZDc1Zjp7Il9hdXRoX3VzZXJfYmFja2VuZCI6ImRqYW5nby5jb250cmliLmF1dGguYmFja2VuZHMuTW9kZWxCYWNrZW5kIiwiX2F1dGhfdXNlcl9pZCI6IjEiLCJfYXV0aF91c2VyX2hhc2giOiIyZjNhNjE1YjhmYmZjMmRiODQyNDUxZTc1MWI1MmVjYjFmZjM0ODY2In0=", "expire_date": "2019-11-20T20:39:04.962Z"}}, {"model": "sessions.session", "pk": "ide52mozh3lrr936oij4uqw3p51o7x27", "fields": {"session_data": "NTE2YWZkZTBhMjQzZDk2MjRlMzhiNjM1MmMzYTA2NWNiNTY2YTFlZjp7Il9hdXRoX3VzZXJfaWQiOiI2IiwiX2F1dGhfdXNlcl9oYXNoIjoiZjUwOWRlNWQ0ZTM5NzVmMzJiZTE4MzM5Nzg1MjEzMGE3MjFmZWI1NCIsIl9hdXRoX3VzZXJfYmFja2VuZCI6ImRqYW5nby5jb250cmliLmF1dGguYmFja2VuZHMuTW9kZWxCYWNrZW5kIn0=", "expire_date": "2020-04-22T14:43:09.339Z"}}, {"model": "sessions.session", "pk": "ie2ujbpauzzzpe0rpyoqzskw0i2el42q", "fields": {"session_data": "MWRkOGI1Y2JlYjMyNTBlNjZiYWYwMWZhZGE1YjAyZjE2MWJkZDc1Zjp7Il9hdXRoX3VzZXJfYmFja2VuZCI6ImRqYW5nby5jb250cmliLmF1dGguYmFja2VuZHMuTW9kZWxCYWNrZW5kIiwiX2F1dGhfdXNlcl9pZCI6IjEiLCJfYXV0aF91c2VyX2hhc2giOiIyZjNhNjE1YjhmYmZjMmRiODQyNDUxZTc1MWI1MmVjYjFmZjM0ODY2In0=", "expire_date": "2020-10-22T11:03:15.349Z"}}, {"model": "sessions.session", "pk": "ie9i5hs2afr7tipy00y3mdvcja8q52kv", "fields": {"session_data": "MWRkOGI1Y2JlYjMyNTBlNjZiYWYwMWZhZGE1YjAyZjE2MWJkZDc1Zjp7Il9hdXRoX3VzZXJfYmFja2VuZCI6ImRqYW5nby5jb250cmliLmF1dGguYmFja2VuZHMuTW9kZWxCYWNrZW5kIiwiX2F1dGhfdXNlcl9pZCI6IjEiLCJfYXV0aF91c2VyX2hhc2giOiIyZjNhNjE1YjhmYmZjMmRiODQyNDUxZTc1MWI1MmVjYjFmZjM0ODY2In0=", "expire_date": "2021-01-20T01:35:38.607Z"}}, {"model": "sessions.session", "pk": "iebpzjzxz5w4yb0xta1q07yizj8almsc", "fields": {"session_data": "OWIwNDE1NzYwMDg2MmIwZGFhNzZhZTE0Yzg2ZmY4ZjZmNmI5M2E5Yjp7Il9hdXRoX3VzZXJfaGFzaCI6ImY1MDlkZTVkNGUzOTc1ZjMyYmUxODMzOTc4NTIxMzBhNzIxZmViNTQiLCJfYXV0aF91c2VyX2lkIjoiNiIsIl9hdXRoX3VzZXJfYmFja2VuZCI6ImRqYW5nby5jb250cmliLmF1dGguYmFja2VuZHMuTW9kZWxCYWNrZW5kIn0=", "expire_date": "2021-01-16T23:35:48.365Z"}}, {"model": "sessions.session", "pk": "iggxppsoamjhkaxch3juewqz7soz4dxp", "fields": {"session_data": "MTlhMTc3N2U2MjRmNmI4MjNlYjFmMmQyYWViOGYyZTJlNmQwZjdlMTp7Il9hdXRoX3VzZXJfYmFja2VuZCI6ImRqYW5nby5jb250cmliLmF1dGguYmFja2VuZHMuTW9kZWxCYWNrZW5kIiwiX2F1dGhfdXNlcl9pZCI6IjQiLCJfYXV0aF91c2VyX2hhc2giOiJlYjFlZjI3MTE2NDA2NGM0YWJhMTM3NGFhM2NmZDBkMjBiMGVlZTQ0In0=", "expire_date": "2020-12-20T13:58:36.031Z"}}, {"model": "sessions.session", "pk": "j6ayzywyefeyfgqdq42cq7v1uv6bbsua", "fields": {"session_data": "ZDU3OTMwYjdmYzA1YWMyMmYyYjc5Njg0ZjMwMWE1Y2NkNTliZGY1NTp7Il9hdXRoX3VzZXJfaGFzaCI6IjJmM2E2MTViOGZiZmMyZGI4NDI0NTFlNzUxYjUyZWNiMWZmMzQ4NjYiLCJfYXV0aF91c2VyX2JhY2tlbmQiOiJkamFuZ28uY29udHJpYi5hdXRoLmJhY2tlbmRzLk1vZGVsQmFja2VuZCIsIl9hdXRoX3VzZXJfaWQiOiIxIn0=", "expire_date": "2021-02-03T15:29:04.170Z"}}, {"model": "sessions.session", "pk": "j7mxsnzjve6q9l70yd0fkdxvkfipzcnz", "fields": {"session_data": "ZDU3OTMwYjdmYzA1YWMyMmYyYjc5Njg0ZjMwMWE1Y2NkNTliZGY1NTp7Il9hdXRoX3VzZXJfaGFzaCI6IjJmM2E2MTViOGZiZmMyZGI4NDI0NTFlNzUxYjUyZWNiMWZmMzQ4NjYiLCJfYXV0aF91c2VyX2JhY2tlbmQiOiJkamFuZ28uY29udHJpYi5hdXRoLmJhY2tlbmRzLk1vZGVsQmFja2VuZCIsIl9hdXRoX3VzZXJfaWQiOiIxIn0=", "expire_date": "2020-01-17T17:48:11.824Z"}}, {"model": "sessions.session", "pk": "j9z6v0gyhdtuf580heck8m5ve5eaigqa", "fields": {"session_data": "ZDdkY2RmYmJjOTliMDg1Y2RjNDJjYWZhOGRjODA4MzgyN2EyZTUxZTp7Il9hdXRoX3VzZXJfYmFja2VuZCI6ImRqYW5nby5jb250cmliLmF1dGguYmFja2VuZHMuTW9kZWxCYWNrZW5kIiwiX2F1dGhfdXNlcl9oYXNoIjoiZWIxZWYyNzExNjQwNjRjNGFiYTEzNzRhYTNjZmQwZDIwYjBlZWU0NCIsIl9hdXRoX3VzZXJfaWQiOiI0In0=", "expire_date": "2021-02-27T21:28:03.390Z"}}, {"model": "sessions.session", "pk": "jcalcw95ugprb3enoefgw7wzi2tpjs86", "fields": {"session_data": "MWRkOGI1Y2JlYjMyNTBlNjZiYWYwMWZhZGE1YjAyZjE2MWJkZDc1Zjp7Il9hdXRoX3VzZXJfYmFja2VuZCI6ImRqYW5nby5jb250cmliLmF1dGguYmFja2VuZHMuTW9kZWxCYWNrZW5kIiwiX2F1dGhfdXNlcl9pZCI6IjEiLCJfYXV0aF91c2VyX2hhc2giOiIyZjNhNjE1YjhmYmZjMmRiODQyNDUxZTc1MWI1MmVjYjFmZjM0ODY2In0=", "expire_date": "2019-11-18T14:00:58.372Z"}}, {"model": "sessions.session", "pk": "jev1yg3aqcbx913vl9i276xgbb1uv4c2", "fields": {"session_data": "MWRkOGI1Y2JlYjMyNTBlNjZiYWYwMWZhZGE1YjAyZjE2MWJkZDc1Zjp7Il9hdXRoX3VzZXJfYmFja2VuZCI6ImRqYW5nby5jb250cmliLmF1dGguYmFja2VuZHMuTW9kZWxCYWNrZW5kIiwiX2F1dGhfdXNlcl9pZCI6IjEiLCJfYXV0aF91c2VyX2hhc2giOiIyZjNhNjE1YjhmYmZjMmRiODQyNDUxZTc1MWI1MmVjYjFmZjM0ODY2In0=", "expire_date": "2019-10-24T17:45:00.972Z"}}, {"model": "sessions.session", "pk": "jewyaeu6gtuimdpd6m0k6meey7aerfke", "fields": {"session_data": "ZDU3OTMwYjdmYzA1YWMyMmYyYjc5Njg0ZjMwMWE1Y2NkNTliZGY1NTp7Il9hdXRoX3VzZXJfaGFzaCI6IjJmM2E2MTViOGZiZmMyZGI4NDI0NTFlNzUxYjUyZWNiMWZmMzQ4NjYiLCJfYXV0aF91c2VyX2JhY2tlbmQiOiJkamFuZ28uY29udHJpYi5hdXRoLmJhY2tlbmRzLk1vZGVsQmFja2VuZCIsIl9hdXRoX3VzZXJfaWQiOiIxIn0=", "expire_date": "2020-11-19T00:40:44.329Z"}}, {"model": "sessions.session", "pk": "jhr2j18uso5oxmupv219x8uilfdiqu90", "fields": {"session_data": "ZjRmZTI1MmRjZTA5Yzk3YmM3MWMyMTU1MjY2ZjhkMjdmMWZhZTI5ZDp7Il9hdXRoX3VzZXJfYmFja2VuZCI6ImRqYW5nby5jb250cmliLmF1dGguYmFja2VuZHMuTW9kZWxCYWNrZW5kIiwiX2F1dGhfdXNlcl9oYXNoIjoiMmYzYTYxNWI4ZmJmYzJkYjg0MjQ1MWU3NTFiNTJlY2IxZmYzNDg2NiIsIl9hdXRoX3VzZXJfaWQiOiIxIn0=", "expire_date": "2019-12-10T15:29:41.848Z"}}, {"model": "sessions.session", "pk": "jnrm718eaurtiabysmeh80wnn0dgc28m", "fields": {"session_data": "NjIwN2YzMDY3NjczMDk3YzEwNGNlZTIzNDA4ZGMwN2U3NjdmZWUzNTp7Il9hdXRoX3VzZXJfaWQiOiIxIiwiX2F1dGhfdXNlcl9oYXNoIjoiMmYzYTYxNWI4ZmJmYzJkYjg0MjQ1MWU3NTFiNTJlY2IxZmYzNDg2NiIsIl9hdXRoX3VzZXJfYmFja2VuZCI6ImRqYW5nby5jb250cmliLmF1dGguYmFja2VuZHMuTW9kZWxCYWNrZW5kIn0=", "expire_date": "2021-02-26T18:58:09.008Z"}}, {"model": "sessions.session", "pk": "kaqlf6umotczrjeicuqvkwqa07wkllg1", "fields": {"session_data": "ZDU3OTMwYjdmYzA1YWMyMmYyYjc5Njg0ZjMwMWE1Y2NkNTliZGY1NTp7Il9hdXRoX3VzZXJfaGFzaCI6IjJmM2E2MTViOGZiZmMyZGI4NDI0NTFlNzUxYjUyZWNiMWZmMzQ4NjYiLCJfYXV0aF91c2VyX2JhY2tlbmQiOiJkamFuZ28uY29udHJpYi5hdXRoLmJhY2tlbmRzLk1vZGVsQmFja2VuZCIsIl9hdXRoX3VzZXJfaWQiOiIxIn0=", "expire_date": "2020-10-10T19:04:11.203Z"}}, {"model": "sessions.session", "pk": "ki63i4tys2l97xbs0lr2mtqapervomu2", "fields": {"session_data": "NjIwN2YzMDY3NjczMDk3YzEwNGNlZTIzNDA4ZGMwN2U3NjdmZWUzNTp7Il9hdXRoX3VzZXJfaWQiOiIxIiwiX2F1dGhfdXNlcl9oYXNoIjoiMmYzYTYxNWI4ZmJmYzJkYjg0MjQ1MWU3NTFiNTJlY2IxZmYzNDg2NiIsIl9hdXRoX3VzZXJfYmFja2VuZCI6ImRqYW5nby5jb250cmliLmF1dGguYmFja2VuZHMuTW9kZWxCYWNrZW5kIn0=", "expire_date": "2020-06-18T14:12:34.973Z"}}, {"model": "sessions.session", "pk": "kmi1y952m94ikgnnnb6a5k5m15zeahos", "fields": {"session_data": "NjIwN2YzMDY3NjczMDk3YzEwNGNlZTIzNDA4ZGMwN2U3NjdmZWUzNTp7Il9hdXRoX3VzZXJfaWQiOiIxIiwiX2F1dGhfdXNlcl9oYXNoIjoiMmYzYTYxNWI4ZmJmYzJkYjg0MjQ1MWU3NTFiNTJlY2IxZmYzNDg2NiIsIl9hdXRoX3VzZXJfYmFja2VuZCI6ImRqYW5nby5jb250cmliLmF1dGguYmFja2VuZHMuTW9kZWxCYWNrZW5kIn0=", "expire_date": "2019-11-01T21:15:59.873Z"}}, {"model": "sessions.session", "pk": "ko7ub1rbja27keq1ijwzq16x696w8xsk", "fields": {"session_data": "M2FkMmFmMzkyYjk0MDNmZDQ0OTA2MGE4NjRkMzVjM2ExMzMwYWQyNjp7Il9hdXRoX3VzZXJfYmFja2VuZCI6ImRqYW5nby5jb250cmliLmF1dGguYmFja2VuZHMuTW9kZWxCYWNrZW5kIiwiX2F1dGhfdXNlcl9oYXNoIjoiZjUwOWRlNWQ0ZTM5NzVmMzJiZTE4MzM5Nzg1MjEzMGE3MjFmZWI1NCIsIl9hdXRoX3VzZXJfaWQiOiI2In0=", "expire_date": "2020-04-11T12:27:06.660Z"}}, {"model": "sessions.session", "pk": "komxthihx6nljic0everoevenlkwaali", "fields": {"session_data": "OGZjOGQwZTA4MTM5YTk4Yjg1OTNmZWVlYjgxYjNlNmQzMWRhZGFkNzp7Il9hdXRoX3VzZXJfYmFja2VuZCI6ImRqYW5nby5jb250cmliLmF1dGguYmFja2VuZHMuTW9kZWxCYWNrZW5kIiwiX2F1dGhfdXNlcl9pZCI6IjYiLCJfYXV0aF91c2VyX2hhc2giOiJmNTA5ZGU1ZDRlMzk3NWYzMmJlMTgzMzk3ODUyMTMwYTcyMWZlYjU0In0=", "expire_date": "2020-06-04T10:03:38.637Z"}}, {"model": "sessions.session", "pk": "kudqvoz2g9rnnfr4dk38wluviq0ibw1m", "fields": {"session_data": "YzRkYTVhM2I4NzA4YTNkOGZlMzJmZWM2MjUwMWM1ZTY2NjU1ZTJhYTp7Il9hdXRoX3VzZXJfaWQiOiI3IiwiX2F1dGhfdXNlcl9iYWNrZW5kIjoiZGphbmdvLmNvbnRyaWIuYXV0aC5iYWNrZW5kcy5Nb2RlbEJhY2tlbmQiLCJfYXV0aF91c2VyX2hhc2giOiJmMjg4ZTNhYTQyOTQyYjhjMmFjY2FiMGZjMDgyYjM0NjlkNDZjNTBkIn0=", "expire_date": "2020-11-28T20:22:27.907Z"}}, {"model": "sessions.session", "pk": "kvrsq94ovt4d6ydsj1p9glnp1qeqf89i", "fields": {"session_data": "ZjRmZTI1MmRjZTA5Yzk3YmM3MWMyMTU1MjY2ZjhkMjdmMWZhZTI5ZDp7Il9hdXRoX3VzZXJfYmFja2VuZCI6ImRqYW5nby5jb250cmliLmF1dGguYmFja2VuZHMuTW9kZWxCYWNrZW5kIiwiX2F1dGhfdXNlcl9oYXNoIjoiMmYzYTYxNWI4ZmJmYzJkYjg0MjQ1MWU3NTFiNTJlY2IxZmYzNDg2NiIsIl9hdXRoX3VzZXJfaWQiOiIxIn0=", "expire_date": "2020-08-10T15:58:48.808Z"}}, {"model": "sessions.session", "pk": "ky6wdd0qy3fw0i4ulcey7dq3i4bfbthr", "fields": {"session_data": "NzgxMTFlNmNhMWJkMmRhOTAxZjQzM2YxNzk2YmYzZTU0NjE2MWJlNTp7Il9hdXRoX3VzZXJfaWQiOiIxIiwiX2F1dGhfdXNlcl9iYWNrZW5kIjoiZGphbmdvLmNvbnRyaWIuYXV0aC5iYWNrZW5kcy5Nb2RlbEJhY2tlbmQiLCJfYXV0aF91c2VyX2hhc2giOiIyZjNhNjE1YjhmYmZjMmRiODQyNDUxZTc1MWI1MmVjYjFmZjM0ODY2In0=", "expire_date": "2020-10-29T16:57:37.851Z"}}, {"model": "sessions.session", "pk": "l5yugu8e3dzotlfqio13dn5rkngfa5oa", "fields": {"session_data": "OWIwNDE1NzYwMDg2MmIwZGFhNzZhZTE0Yzg2ZmY4ZjZmNmI5M2E5Yjp7Il9hdXRoX3VzZXJfaGFzaCI6ImY1MDlkZTVkNGUzOTc1ZjMyYmUxODMzOTc4NTIxMzBhNzIxZmViNTQiLCJfYXV0aF91c2VyX2lkIjoiNiIsIl9hdXRoX3VzZXJfYmFja2VuZCI6ImRqYW5nby5jb250cmliLmF1dGguYmFja2VuZHMuTW9kZWxCYWNrZW5kIn0=", "expire_date": "2019-11-23T00:59:42.230Z"}}, {"model": "sessions.session", "pk": "lbntznqmiw9ud6w00uqoqfzk61ua1gnh", "fields": {"session_data": "NjIwN2YzMDY3NjczMDk3YzEwNGNlZTIzNDA4ZGMwN2U3NjdmZWUzNTp7Il9hdXRoX3VzZXJfaWQiOiIxIiwiX2F1dGhfdXNlcl9oYXNoIjoiMmYzYTYxNWI4ZmJmYzJkYjg0MjQ1MWU3NTFiNTJlY2IxZmYzNDg2NiIsIl9hdXRoX3VzZXJfYmFja2VuZCI6ImRqYW5nby5jb250cmliLmF1dGguYmFja2VuZHMuTW9kZWxCYWNrZW5kIn0=", "expire_date": "2020-06-22T23:14:23.388Z"}}, {"model": "sessions.session", "pk": "lfilf5yg0dsdr7ms0gs9vuynd8xqkra7", "fields": {"session_data": "NzgxMTFlNmNhMWJkMmRhOTAxZjQzM2YxNzk2YmYzZTU0NjE2MWJlNTp7Il9hdXRoX3VzZXJfaWQiOiIxIiwiX2F1dGhfdXNlcl9iYWNrZW5kIjoiZGphbmdvLmNvbnRyaWIuYXV0aC5iYWNrZW5kcy5Nb2RlbEJhY2tlbmQiLCJfYXV0aF91c2VyX2hhc2giOiIyZjNhNjE1YjhmYmZjMmRiODQyNDUxZTc1MWI1MmVjYjFmZjM0ODY2In0=", "expire_date": "2020-10-28T16:24:54.599Z"}}, {"model": "sessions.session", "pk": "lg12ayn6ueavdb5f7jc0srotdd1zaflg", "fields": {"session_data": "ZjRmZTI1MmRjZTA5Yzk3YmM3MWMyMTU1MjY2ZjhkMjdmMWZhZTI5ZDp7Il9hdXRoX3VzZXJfYmFja2VuZCI6ImRqYW5nby5jb250cmliLmF1dGguYmFja2VuZHMuTW9kZWxCYWNrZW5kIiwiX2F1dGhfdXNlcl9oYXNoIjoiMmYzYTYxNWI4ZmJmYzJkYjg0MjQ1MWU3NTFiNTJlY2IxZmYzNDg2NiIsIl9hdXRoX3VzZXJfaWQiOiIxIn0=", "expire_date": "2020-07-07T20:22:03.463Z"}}, {"model": "sessions.session", "pk": "lma7ilflo3r6h231ngk6zbmrkcn38wsq", "fields": {"session_data": "OWIwNDE1NzYwMDg2MmIwZGFhNzZhZTE0Yzg2ZmY4ZjZmNmI5M2E5Yjp7Il9hdXRoX3VzZXJfaGFzaCI6ImY1MDlkZTVkNGUzOTc1ZjMyYmUxODMzOTc4NTIxMzBhNzIxZmViNTQiLCJfYXV0aF91c2VyX2lkIjoiNiIsIl9hdXRoX3VzZXJfYmFja2VuZCI6ImRqYW5nby5jb250cmliLmF1dGguYmFja2VuZHMuTW9kZWxCYWNrZW5kIn0=", "expire_date": "2020-02-11T00:23:11.583Z"}}, {"model": "sessions.session", "pk": "lx5thhzwmnjic7346q50msudrvkuqnna", "fields": {"session_data": "OGZjOGQwZTA4MTM5YTk4Yjg1OTNmZWVlYjgxYjNlNmQzMWRhZGFkNzp7Il9hdXRoX3VzZXJfYmFja2VuZCI6ImRqYW5nby5jb250cmliLmF1dGguYmFja2VuZHMuTW9kZWxCYWNrZW5kIiwiX2F1dGhfdXNlcl9pZCI6IjYiLCJfYXV0aF91c2VyX2hhc2giOiJmNTA5ZGU1ZDRlMzk3NWYzMmJlMTgzMzk3ODUyMTMwYTcyMWZlYjU0In0=", "expire_date": "2020-06-01T13:24:00.627Z"}}, {"model": "sessions.session", "pk": "m01umlgaon3aj1r8xgcx1zdijhhyspnw", "fields": {"session_data": "ZDU3OTMwYjdmYzA1YWMyMmYyYjc5Njg0ZjMwMWE1Y2NkNTliZGY1NTp7Il9hdXRoX3VzZXJfaGFzaCI6IjJmM2E2MTViOGZiZmMyZGI4NDI0NTFlNzUxYjUyZWNiMWZmMzQ4NjYiLCJfYXV0aF91c2VyX2JhY2tlbmQiOiJkamFuZ28uY29udHJpYi5hdXRoLmJhY2tlbmRzLk1vZGVsQmFja2VuZCIsIl9hdXRoX3VzZXJfaWQiOiIxIn0=", "expire_date": "2020-10-15T12:48:59.073Z"}}, {"model": "sessions.session", "pk": "mkt2iuup8qew9qtiznemw7eorteg9m3b", "fields": {"session_data": "NzgxMTFlNmNhMWJkMmRhOTAxZjQzM2YxNzk2YmYzZTU0NjE2MWJlNTp7Il9hdXRoX3VzZXJfaWQiOiIxIiwiX2F1dGhfdXNlcl9iYWNrZW5kIjoiZGphbmdvLmNvbnRyaWIuYXV0aC5iYWNrZW5kcy5Nb2RlbEJhY2tlbmQiLCJfYXV0aF91c2VyX2hhc2giOiIyZjNhNjE1YjhmYmZjMmRiODQyNDUxZTc1MWI1MmVjYjFmZjM0ODY2In0=", "expire_date": "2020-09-02T17:44:48.173Z"}}, {"model": "sessions.session", "pk": "mob91yog05fwlh5uixfl2a0beofo9xl1", "fields": {"session_data": "ZDU3OTMwYjdmYzA1YWMyMmYyYjc5Njg0ZjMwMWE1Y2NkNTliZGY1NTp7Il9hdXRoX3VzZXJfaGFzaCI6IjJmM2E2MTViOGZiZmMyZGI4NDI0NTFlNzUxYjUyZWNiMWZmMzQ4NjYiLCJfYXV0aF91c2VyX2JhY2tlbmQiOiJkamFuZ28uY29udHJpYi5hdXRoLmJhY2tlbmRzLk1vZGVsQmFja2VuZCIsIl9hdXRoX3VzZXJfaWQiOiIxIn0=", "expire_date": "2019-10-31T14:12:22.462Z"}}, {"model": "sessions.session", "pk": "mrer9m8ul990ytt2d8ao6wha4pub05ps", "fields": {"session_data": "NzgxMTFlNmNhMWJkMmRhOTAxZjQzM2YxNzk2YmYzZTU0NjE2MWJlNTp7Il9hdXRoX3VzZXJfaWQiOiIxIiwiX2F1dGhfdXNlcl9iYWNrZW5kIjoiZGphbmdvLmNvbnRyaWIuYXV0aC5iYWNrZW5kcy5Nb2RlbEJhY2tlbmQiLCJfYXV0aF91c2VyX2hhc2giOiIyZjNhNjE1YjhmYmZjMmRiODQyNDUxZTc1MWI1MmVjYjFmZjM0ODY2In0=", "expire_date": "2020-07-15T12:12:39.155Z"}}, {"model": "sessions.session", "pk": "msinif0mg2ekdwkgdktei9ly3zzdzb2b", "fields": {"session_data": "NjIwN2YzMDY3NjczMDk3YzEwNGNlZTIzNDA4ZGMwN2U3NjdmZWUzNTp7Il9hdXRoX3VzZXJfaWQiOiIxIiwiX2F1dGhfdXNlcl9oYXNoIjoiMmYzYTYxNWI4ZmJmYzJkYjg0MjQ1MWU3NTFiNTJlY2IxZmYzNDg2NiIsIl9hdXRoX3VzZXJfYmFja2VuZCI6ImRqYW5nby5jb250cmliLmF1dGguYmFja2VuZHMuTW9kZWxCYWNrZW5kIn0=", "expire_date": "2020-03-14T04:54:04.627Z"}}, {"model": "sessions.session", "pk": "mthxcffkhtmgolimuzz24mzckziwpxf2", "fields": {"session_data": "NTE2YWZkZTBhMjQzZDk2MjRlMzhiNjM1MmMzYTA2NWNiNTY2YTFlZjp7Il9hdXRoX3VzZXJfaWQiOiI2IiwiX2F1dGhfdXNlcl9oYXNoIjoiZjUwOWRlNWQ0ZTM5NzVmMzJiZTE4MzM5Nzg1MjEzMGE3MjFmZWI1NCIsIl9hdXRoX3VzZXJfYmFja2VuZCI6ImRqYW5nby5jb250cmliLmF1dGguYmFja2VuZHMuTW9kZWxCYWNrZW5kIn0=", "expire_date": "2020-02-15T12:13:36.917Z"}}, {"model": "sessions.session", "pk": "n8juaf1sojh19yzsb0fwqx3rs4g8ep0s", "fields": {"session_data": "MjJhZDVkMGVmYWYwZjQ0NWE3Zjg5YWUzMzcwOWFmYWY4OTJlMWQ0ZDp7Il9hdXRoX3VzZXJfaGFzaCI6IjJmM2E2MTViOGZiZmMyZGI4NDI0NTFlNzUxYjUyZWNiMWZmMzQ4NjYiLCJfYXV0aF91c2VyX2lkIjoiMSIsIl9hdXRoX3VzZXJfYmFja2VuZCI6ImRqYW5nby5jb250cmliLmF1dGguYmFja2VuZHMuTW9kZWxCYWNrZW5kIn0=", "expire_date": "2020-11-27T13:32:25.626Z"}}, {"model": "sessions.session", "pk": "n8k4dog9a0mw53347527ok1h0k5bq53e", "fields": {"session_data": "ZDU3OTMwYjdmYzA1YWMyMmYyYjc5Njg0ZjMwMWE1Y2NkNTliZGY1NTp7Il9hdXRoX3VzZXJfaGFzaCI6IjJmM2E2MTViOGZiZmMyZGI4NDI0NTFlNzUxYjUyZWNiMWZmMzQ4NjYiLCJfYXV0aF91c2VyX2JhY2tlbmQiOiJkamFuZ28uY29udHJpYi5hdXRoLmJhY2tlbmRzLk1vZGVsQmFja2VuZCIsIl9hdXRoX3VzZXJfaWQiOiIxIn0=", "expire_date": "2020-11-30T13:21:26.641Z"}}, {"model": "sessions.session", "pk": "ne331y6niekph26hhbn0gaoa4oz0t83l", "fields": {"session_data": "ZjRmZTI1MmRjZTA5Yzk3YmM3MWMyMTU1MjY2ZjhkMjdmMWZhZTI5ZDp7Il9hdXRoX3VzZXJfYmFja2VuZCI6ImRqYW5nby5jb250cmliLmF1dGguYmFja2VuZHMuTW9kZWxCYWNrZW5kIiwiX2F1dGhfdXNlcl9oYXNoIjoiMmYzYTYxNWI4ZmJmYzJkYjg0MjQ1MWU3NTFiNTJlY2IxZmYzNDg2NiIsIl9hdXRoX3VzZXJfaWQiOiIxIn0=", "expire_date": "2020-01-14T15:05:30.279Z"}}, {"model": "sessions.session", "pk": "nkqfe4sq63lhcfyfvaocv0m16ar1rb67", "fields": {"session_data": "ZDU3OTMwYjdmYzA1YWMyMmYyYjc5Njg0ZjMwMWE1Y2NkNTliZGY1NTp7Il9hdXRoX3VzZXJfaGFzaCI6IjJmM2E2MTViOGZiZmMyZGI4NDI0NTFlNzUxYjUyZWNiMWZmMzQ4NjYiLCJfYXV0aF91c2VyX2JhY2tlbmQiOiJkamFuZ28uY29udHJpYi5hdXRoLmJhY2tlbmRzLk1vZGVsQmFja2VuZCIsIl9hdXRoX3VzZXJfaWQiOiIxIn0=", "expire_date": "2019-12-12T12:39:39.510Z"}}, {"model": "sessions.session", "pk": "no9tw4b513rto9mkt5f3n9xek13rjeom", "fields": {"session_data": "NzgxMTFlNmNhMWJkMmRhOTAxZjQzM2YxNzk2YmYzZTU0NjE2MWJlNTp7Il9hdXRoX3VzZXJfaWQiOiIxIiwiX2F1dGhfdXNlcl9iYWNrZW5kIjoiZGphbmdvLmNvbnRyaWIuYXV0aC5iYWNrZW5kcy5Nb2RlbEJhY2tlbmQiLCJfYXV0aF91c2VyX2hhc2giOiIyZjNhNjE1YjhmYmZjMmRiODQyNDUxZTc1MWI1MmVjYjFmZjM0ODY2In0=", "expire_date": "2019-11-20T23:40:22.522Z"}}, {"model": "sessions.session", "pk": "novuqlcv9d7qxlfmdshk2h708pjezev6", "fields": {"session_data": "ZDdkY2RmYmJjOTliMDg1Y2RjNDJjYWZhOGRjODA4MzgyN2EyZTUxZTp7Il9hdXRoX3VzZXJfYmFja2VuZCI6ImRqYW5nby5jb250cmliLmF1dGguYmFja2VuZHMuTW9kZWxCYWNrZW5kIiwiX2F1dGhfdXNlcl9oYXNoIjoiZWIxZWYyNzExNjQwNjRjNGFiYTEzNzRhYTNjZmQwZDIwYjBlZWU0NCIsIl9hdXRoX3VzZXJfaWQiOiI0In0=", "expire_date": "2020-09-22T12:31:02.579Z"}}, {"model": "sessions.session", "pk": "nxj5z8osz3wf4sexl6nvizx4yydm7w02", "fields": {"session_data": "NjIwN2YzMDY3NjczMDk3YzEwNGNlZTIzNDA4ZGMwN2U3NjdmZWUzNTp7Il9hdXRoX3VzZXJfaWQiOiIxIiwiX2F1dGhfdXNlcl9oYXNoIjoiMmYzYTYxNWI4ZmJmYzJkYjg0MjQ1MWU3NTFiNTJlY2IxZmYzNDg2NiIsIl9hdXRoX3VzZXJfYmFja2VuZCI6ImRqYW5nby5jb250cmliLmF1dGguYmFja2VuZHMuTW9kZWxCYWNrZW5kIn0=", "expire_date": "2020-06-24T15:17:09.687Z"}}, {"model": "sessions.session", "pk": "o5uhhmyrej37rssa6qpy8u98hibogn3b", "fields": {"session_data": "MTlhMTc3N2U2MjRmNmI4MjNlYjFmMmQyYWViOGYyZTJlNmQwZjdlMTp7Il9hdXRoX3VzZXJfYmFja2VuZCI6ImRqYW5nby5jb250cmliLmF1dGguYmFja2VuZHMuTW9kZWxCYWNrZW5kIiwiX2F1dGhfdXNlcl9pZCI6IjQiLCJfYXV0aF91c2VyX2hhc2giOiJlYjFlZjI3MTE2NDA2NGM0YWJhMTM3NGFhM2NmZDBkMjBiMGVlZTQ0In0=", "expire_date": "2020-06-03T21:18:10.723Z"}}, {"model": "sessions.session", "pk": "o74abq1u2n0n6hjlntwv8pe1mm1hcui0", "fields": {"session_data": "ZjRmZTI1MmRjZTA5Yzk3YmM3MWMyMTU1MjY2ZjhkMjdmMWZhZTI5ZDp7Il9hdXRoX3VzZXJfYmFja2VuZCI6ImRqYW5nby5jb250cmliLmF1dGguYmFja2VuZHMuTW9kZWxCYWNrZW5kIiwiX2F1dGhfdXNlcl9oYXNoIjoiMmYzYTYxNWI4ZmJmYzJkYjg0MjQ1MWU3NTFiNTJlY2IxZmYzNDg2NiIsIl9hdXRoX3VzZXJfaWQiOiIxIn0=", "expire_date": "2020-10-17T13:37:47.996Z"}}, {"model": "sessions.session", "pk": "o7l9e9y1c9op5j6khel8amc9jr3yahm7", "fields": {"session_data": "ZjRmZTI1MmRjZTA5Yzk3YmM3MWMyMTU1MjY2ZjhkMjdmMWZhZTI5ZDp7Il9hdXRoX3VzZXJfYmFja2VuZCI6ImRqYW5nby5jb250cmliLmF1dGguYmFja2VuZHMuTW9kZWxCYWNrZW5kIiwiX2F1dGhfdXNlcl9oYXNoIjoiMmYzYTYxNWI4ZmJmYzJkYjg0MjQ1MWU3NTFiNTJlY2IxZmYzNDg2NiIsIl9hdXRoX3VzZXJfaWQiOiIxIn0=", "expire_date": "2020-06-20T12:20:02.954Z"}}, {"model": "sessions.session", "pk": "ohvjub6sckm2jg41udtaypg6hch716di", "fields": {"session_data": "ODBjMmJlM2EyYjZiMGE5ZGI1MWVlMzUwNzBhMDc1YTc0NzQ3NjlkZTp7Il9hdXRoX3VzZXJfaGFzaCI6ImY1MDlkZTVkNGUzOTc1ZjMyYmUxODMzOTc4NTIxMzBhNzIxZmViNTQiLCJfYXV0aF91c2VyX2JhY2tlbmQiOiJkamFuZ28uY29udHJpYi5hdXRoLmJhY2tlbmRzLk1vZGVsQmFja2VuZCIsIl9hdXRoX3VzZXJfaWQiOiI2In0=", "expire_date": "2020-05-13T16:42:10.011Z"}}, {"model": "sessions.session", "pk": "or189td0i8zh552r3ixkd5whf0d4bq5y", "fields": {"session_data": "M2FkMmFmMzkyYjk0MDNmZDQ0OTA2MGE4NjRkMzVjM2ExMzMwYWQyNjp7Il9hdXRoX3VzZXJfYmFja2VuZCI6ImRqYW5nby5jb250cmliLmF1dGguYmFja2VuZHMuTW9kZWxCYWNrZW5kIiwiX2F1dGhfdXNlcl9oYXNoIjoiZjUwOWRlNWQ0ZTM5NzVmMzJiZTE4MzM5Nzg1MjEzMGE3MjFmZWI1NCIsIl9hdXRoX3VzZXJfaWQiOiI2In0=", "expire_date": "2020-06-13T00:18:19.499Z"}}, {"model": "sessions.session", "pk": "pae3j9h54cj9krjbarrf0p81ccfkv0ts", "fields": {"session_data": "NzJmN2E1ZmIwZjViOGYwZGQ1NWMxMjE2YjI4OTBkZjZiMWVlMzBmMjp7Il9hdXRoX3VzZXJfaWQiOiI2IiwiX2F1dGhfdXNlcl9iYWNrZW5kIjoiZGphbmdvLmNvbnRyaWIuYXV0aC5iYWNrZW5kcy5Nb2RlbEJhY2tlbmQiLCJfYXV0aF91c2VyX2hhc2giOiJmNTA5ZGU1ZDRlMzk3NWYzMmJlMTgzMzk3ODUyMTMwYTcyMWZlYjU0In0=", "expire_date": "2020-02-02T22:53:51.999Z"}}, {"model": "sessions.session", "pk": "pgxh40kcygkr1jc4xmbeg8ajih2h5rra", "fields": {"session_data": "ZDdkY2RmYmJjOTliMDg1Y2RjNDJjYWZhOGRjODA4MzgyN2EyZTUxZTp7Il9hdXRoX3VzZXJfYmFja2VuZCI6ImRqYW5nby5jb250cmliLmF1dGguYmFja2VuZHMuTW9kZWxCYWNrZW5kIiwiX2F1dGhfdXNlcl9oYXNoIjoiZWIxZWYyNzExNjQwNjRjNGFiYTEzNzRhYTNjZmQwZDIwYjBlZWU0NCIsIl9hdXRoX3VzZXJfaWQiOiI0In0=", "expire_date": "2020-01-20T13:00:13.470Z"}}, {"model": "sessions.session", "pk": "pq59zaqg9f51nr2r51ygcs0jpcpo76uf", "fields": {"session_data": "MTlhMTc3N2U2MjRmNmI4MjNlYjFmMmQyYWViOGYyZTJlNmQwZjdlMTp7Il9hdXRoX3VzZXJfYmFja2VuZCI6ImRqYW5nby5jb250cmliLmF1dGguYmFja2VuZHMuTW9kZWxCYWNrZW5kIiwiX2F1dGhfdXNlcl9pZCI6IjQiLCJfYXV0aF91c2VyX2hhc2giOiJlYjFlZjI3MTE2NDA2NGM0YWJhMTM3NGFhM2NmZDBkMjBiMGVlZTQ0In0=", "expire_date": "2020-06-04T09:18:59.582Z"}}, {"model": "sessions.session", "pk": "ptmmy8yu0zuwjb5bekfmkdahouo6quyu", "fields": {"session_data": "MjAxZDhkN2FiYzg0MTc3Y2U5NTZmYTA0ZDQ0YzcwMjdiYjk0ZTVmYTp7Il9hdXRoX3VzZXJfYmFja2VuZCI6ImRqYW5nby5jb250cmliLmF1dGguYmFja2VuZHMuTW9kZWxCYWNrZW5kIiwiX2F1dGhfdXNlcl9oYXNoIjoiZjI4OGUzYWE0Mjk0MmI4YzJhY2NhYjBmYzA4MmIzNDY5ZDQ2YzUwZCIsIl9hdXRoX3VzZXJfaWQiOiI3In0=", "expire_date": "2020-12-29T18:31:23.868Z"}}, {"model": "sessions.session", "pk": "ptsa9qbwappl4w4bf5ayw9agiwct2wf0", "fields": {"session_data": "ZDliMTEzZjY2OWU2Yjk5OGZlMjZmMDcwOTU0OWYyODc5ZmE2YTI1YTp7Il9hdXRoX3VzZXJfaGFzaCI6ImViMWVmMjcxMTY0MDY0YzRhYmExMzc0YWEzY2ZkMGQyMGIwZWVlNDQiLCJfYXV0aF91c2VyX2lkIjoiNCIsIl9hdXRoX3VzZXJfYmFja2VuZCI6ImRqYW5nby5jb250cmliLmF1dGguYmFja2VuZHMuTW9kZWxCYWNrZW5kIn0=", "expire_date": "2020-02-09T21:39:09.044Z"}}, {"model": "sessions.session", "pk": "q0xcrj7mu91tyw43ib0do43f7qb88jmv", "fields": {"session_data": "ZjRmZTI1MmRjZTA5Yzk3YmM3MWMyMTU1MjY2ZjhkMjdmMWZhZTI5ZDp7Il9hdXRoX3VzZXJfYmFja2VuZCI6ImRqYW5nby5jb250cmliLmF1dGguYmFja2VuZHMuTW9kZWxCYWNrZW5kIiwiX2F1dGhfdXNlcl9oYXNoIjoiMmYzYTYxNWI4ZmJmYzJkYjg0MjQ1MWU3NTFiNTJlY2IxZmYzNDg2NiIsIl9hdXRoX3VzZXJfaWQiOiIxIn0=", "expire_date": "2020-08-12T11:56:56.202Z"}}, {"model": "sessions.session", "pk": "q6l5c2mrorcywlzuwwxm7br3rr9ggpy5", "fields": {"session_data": "MWRkOGI1Y2JlYjMyNTBlNjZiYWYwMWZhZGE1YjAyZjE2MWJkZDc1Zjp7Il9hdXRoX3VzZXJfYmFja2VuZCI6ImRqYW5nby5jb250cmliLmF1dGguYmFja2VuZHMuTW9kZWxCYWNrZW5kIiwiX2F1dGhfdXNlcl9pZCI6IjEiLCJfYXV0aF91c2VyX2hhc2giOiIyZjNhNjE1YjhmYmZjMmRiODQyNDUxZTc1MWI1MmVjYjFmZjM0ODY2In0=", "expire_date": "2019-11-12T14:00:44.703Z"}}, {"model": "sessions.session", "pk": "qdkhf65n939dgyiuvyzunljn66tjguxr", "fields": {"session_data": "NzgxMTFlNmNhMWJkMmRhOTAxZjQzM2YxNzk2YmYzZTU0NjE2MWJlNTp7Il9hdXRoX3VzZXJfaWQiOiIxIiwiX2F1dGhfdXNlcl9iYWNrZW5kIjoiZGphbmdvLmNvbnRyaWIuYXV0aC5iYWNrZW5kcy5Nb2RlbEJhY2tlbmQiLCJfYXV0aF91c2VyX2hhc2giOiIyZjNhNjE1YjhmYmZjMmRiODQyNDUxZTc1MWI1MmVjYjFmZjM0ODY2In0=", "expire_date": "2020-01-13T21:36:01.907Z"}}, {"model": "sessions.session", "pk": "qdo8uyi2tw686vor78vjd4n77n7wb3p9", "fields": {"session_data": "ZjRmZTI1MmRjZTA5Yzk3YmM3MWMyMTU1MjY2ZjhkMjdmMWZhZTI5ZDp7Il9hdXRoX3VzZXJfYmFja2VuZCI6ImRqYW5nby5jb250cmliLmF1dGguYmFja2VuZHMuTW9kZWxCYWNrZW5kIiwiX2F1dGhfdXNlcl9oYXNoIjoiMmYzYTYxNWI4ZmJmYzJkYjg0MjQ1MWU3NTFiNTJlY2IxZmYzNDg2NiIsIl9hdXRoX3VzZXJfaWQiOiIxIn0=", "expire_date": "2020-11-25T13:53:53.999Z"}}, {"model": "sessions.session", "pk": "qju91ftg3ekyglksz7tpju3oazd9s521", "fields": {"session_data": "M2FkMmFmMzkyYjk0MDNmZDQ0OTA2MGE4NjRkMzVjM2ExMzMwYWQyNjp7Il9hdXRoX3VzZXJfYmFja2VuZCI6ImRqYW5nby5jb250cmliLmF1dGguYmFja2VuZHMuTW9kZWxCYWNrZW5kIiwiX2F1dGhfdXNlcl9oYXNoIjoiZjUwOWRlNWQ0ZTM5NzVmMzJiZTE4MzM5Nzg1MjEzMGE3MjFmZWI1NCIsIl9hdXRoX3VzZXJfaWQiOiI2In0=", "expire_date": "2020-04-11T13:33:17.315Z"}}, {"model": "sessions.session", "pk": "qrwyhcu3zfv4u816qpxmwmwbgkk0ge2s", "fields": {"session_data": "MjJhZDVkMGVmYWYwZjQ0NWE3Zjg5YWUzMzcwOWFmYWY4OTJlMWQ0ZDp7Il9hdXRoX3VzZXJfaGFzaCI6IjJmM2E2MTViOGZiZmMyZGI4NDI0NTFlNzUxYjUyZWNiMWZmMzQ4NjYiLCJfYXV0aF91c2VyX2lkIjoiMSIsIl9hdXRoX3VzZXJfYmFja2VuZCI6ImRqYW5nby5jb250cmliLmF1dGguYmFja2VuZHMuTW9kZWxCYWNrZW5kIn0=", "expire_date": "2020-11-18T15:25:39.812Z"}}, {"model": "sessions.session", "pk": "qv74q0b9pgbi5occsv37zjbitqhqv8rm", "fields": {"session_data": "ZjRmZTI1MmRjZTA5Yzk3YmM3MWMyMTU1MjY2ZjhkMjdmMWZhZTI5ZDp7Il9hdXRoX3VzZXJfYmFja2VuZCI6ImRqYW5nby5jb250cmliLmF1dGguYmFja2VuZHMuTW9kZWxCYWNrZW5kIiwiX2F1dGhfdXNlcl9oYXNoIjoiMmYzYTYxNWI4ZmJmYzJkYjg0MjQ1MWU3NTFiNTJlY2IxZmYzNDg2NiIsIl9hdXRoX3VzZXJfaWQiOiIxIn0=", "expire_date": "2020-10-17T10:15:42.871Z"}}, {"model": "sessions.session", "pk": "qvnlykigzgbx8m6efojgtxaphsjr3r1o", "fields": {"session_data": "MWRkOGI1Y2JlYjMyNTBlNjZiYWYwMWZhZGE1YjAyZjE2MWJkZDc1Zjp7Il9hdXRoX3VzZXJfYmFja2VuZCI6ImRqYW5nby5jb250cmliLmF1dGguYmFja2VuZHMuTW9kZWxCYWNrZW5kIiwiX2F1dGhfdXNlcl9pZCI6IjEiLCJfYXV0aF91c2VyX2hhc2giOiIyZjNhNjE1YjhmYmZjMmRiODQyNDUxZTc1MWI1MmVjYjFmZjM0ODY2In0=", "expire_date": "2019-12-01T15:22:31.903Z"}}, {"model": "sessions.session", "pk": "qw6nw3ugi0u9fcso7hc4byfl19fdkjiv", "fields": {"session_data": "ZjRmZTI1MmRjZTA5Yzk3YmM3MWMyMTU1MjY2ZjhkMjdmMWZhZTI5ZDp7Il9hdXRoX3VzZXJfYmFja2VuZCI6ImRqYW5nby5jb250cmliLmF1dGguYmFja2VuZHMuTW9kZWxCYWNrZW5kIiwiX2F1dGhfdXNlcl9oYXNoIjoiMmYzYTYxNWI4ZmJmYzJkYjg0MjQ1MWU3NTFiNTJlY2IxZmYzNDg2NiIsIl9hdXRoX3VzZXJfaWQiOiIxIn0=", "expire_date": "2019-11-23T20:54:05.846Z"}}, {"model": "sessions.session", "pk": "rewlrfkgvkp1c6my1xb7u6kla3ta9y9w", "fields": {"session_data": "ZDU3OTMwYjdmYzA1YWMyMmYyYjc5Njg0ZjMwMWE1Y2NkNTliZGY1NTp7Il9hdXRoX3VzZXJfaGFzaCI6IjJmM2E2MTViOGZiZmMyZGI4NDI0NTFlNzUxYjUyZWNiMWZmMzQ4NjYiLCJfYXV0aF91c2VyX2JhY2tlbmQiOiJkamFuZ28uY29udHJpYi5hdXRoLmJhY2tlbmRzLk1vZGVsQmFja2VuZCIsIl9hdXRoX3VzZXJfaWQiOiIxIn0=", "expire_date": "2019-12-13T14:05:39.670Z"}}, {"model": "sessions.session", "pk": "rgy2gdathrq99ghjiredv3s4is16dz8g", "fields": {"session_data": "NjIwN2YzMDY3NjczMDk3YzEwNGNlZTIzNDA4ZGMwN2U3NjdmZWUzNTp7Il9hdXRoX3VzZXJfaWQiOiIxIiwiX2F1dGhfdXNlcl9oYXNoIjoiMmYzYTYxNWI4ZmJmYzJkYjg0MjQ1MWU3NTFiNTJlY2IxZmYzNDg2NiIsIl9hdXRoX3VzZXJfYmFja2VuZCI6ImRqYW5nby5jb250cmliLmF1dGguYmFja2VuZHMuTW9kZWxCYWNrZW5kIn0=", "expire_date": "2019-12-01T18:23:00.383Z"}}, {"model": "sessions.session", "pk": "rj0lkx0fud0da6j76ck676mtb81a74aw", "fields": {"session_data": "NjIwN2YzMDY3NjczMDk3YzEwNGNlZTIzNDA4ZGMwN2U3NjdmZWUzNTp7Il9hdXRoX3VzZXJfaWQiOiIxIiwiX2F1dGhfdXNlcl9oYXNoIjoiMmYzYTYxNWI4ZmJmYzJkYjg0MjQ1MWU3NTFiNTJlY2IxZmYzNDg2NiIsIl9hdXRoX3VzZXJfYmFja2VuZCI6ImRqYW5nby5jb250cmliLmF1dGguYmFja2VuZHMuTW9kZWxCYWNrZW5kIn0=", "expire_date": "2020-06-23T23:39:06.236Z"}}, {"model": "sessions.session", "pk": "rlribk7d8mj67g3ydgleypzje27lsq28", "fields": {"session_data": "ZjRmZTI1MmRjZTA5Yzk3YmM3MWMyMTU1MjY2ZjhkMjdmMWZhZTI5ZDp7Il9hdXRoX3VzZXJfYmFja2VuZCI6ImRqYW5nby5jb250cmliLmF1dGguYmFja2VuZHMuTW9kZWxCYWNrZW5kIiwiX2F1dGhfdXNlcl9oYXNoIjoiMmYzYTYxNWI4ZmJmYzJkYjg0MjQ1MWU3NTFiNTJlY2IxZmYzNDg2NiIsIl9hdXRoX3VzZXJfaWQiOiIxIn0=", "expire_date": "2020-08-11T20:11:36.216Z"}}, {"model": "sessions.session", "pk": "rnm0odqi83heljy79qi5c01yi4vui6n7", "fields": {"session_data": "MTlhMTc3N2U2MjRmNmI4MjNlYjFmMmQyYWViOGYyZTJlNmQwZjdlMTp7Il9hdXRoX3VzZXJfYmFja2VuZCI6ImRqYW5nby5jb250cmliLmF1dGguYmFja2VuZHMuTW9kZWxCYWNrZW5kIiwiX2F1dGhfdXNlcl9pZCI6IjQiLCJfYXV0aF91c2VyX2hhc2giOiJlYjFlZjI3MTE2NDA2NGM0YWJhMTM3NGFhM2NmZDBkMjBiMGVlZTQ0In0=", "expire_date": "2020-06-03T17:25:49.227Z"}}, {"model": "sessions.session", "pk": "rv7p78s2tnlyachg0ngcxq04jpal5q1x", "fields": {"session_data": "MjJhZDVkMGVmYWYwZjQ0NWE3Zjg5YWUzMzcwOWFmYWY4OTJlMWQ0ZDp7Il9hdXRoX3VzZXJfaGFzaCI6IjJmM2E2MTViOGZiZmMyZGI4NDI0NTFlNzUxYjUyZWNiMWZmMzQ4NjYiLCJfYXV0aF91c2VyX2lkIjoiMSIsIl9hdXRoX3VzZXJfYmFja2VuZCI6ImRqYW5nby5jb250cmliLmF1dGguYmFja2VuZHMuTW9kZWxCYWNrZW5kIn0=", "expire_date": "2019-10-30T21:02:16.722Z"}}, {"model": "sessions.session", "pk": "s0wqdbqitwrhll04e566ff50bbeanwcp", "fields": {"session_data": "NzgxMTFlNmNhMWJkMmRhOTAxZjQzM2YxNzk2YmYzZTU0NjE2MWJlNTp7Il9hdXRoX3VzZXJfaWQiOiIxIiwiX2F1dGhfdXNlcl9iYWNrZW5kIjoiZGphbmdvLmNvbnRyaWIuYXV0aC5iYWNrZW5kcy5Nb2RlbEJhY2tlbmQiLCJfYXV0aF91c2VyX2hhc2giOiIyZjNhNjE1YjhmYmZjMmRiODQyNDUxZTc1MWI1MmVjYjFmZjM0ODY2In0=", "expire_date": "2020-10-29T11:03:05.764Z"}}, {"model": "sessions.session", "pk": "s2632pvams9ptmgzqb7emvbwag87mlrj", "fields": {"session_data": "ZDU3OTMwYjdmYzA1YWMyMmYyYjc5Njg0ZjMwMWE1Y2NkNTliZGY1NTp7Il9hdXRoX3VzZXJfaGFzaCI6IjJmM2E2MTViOGZiZmMyZGI4NDI0NTFlNzUxYjUyZWNiMWZmMzQ4NjYiLCJfYXV0aF91c2VyX2JhY2tlbmQiOiJkamFuZ28uY29udHJpYi5hdXRoLmJhY2tlbmRzLk1vZGVsQmFja2VuZCIsIl9hdXRoX3VzZXJfaWQiOiIxIn0=", "expire_date": "2020-01-17T18:37:07.727Z"}}, {"model": "sessions.session", "pk": "s5sqhkbfwive3ht6ryctef815uxo2bsf", "fields": {"session_data": "ZDU3OTMwYjdmYzA1YWMyMmYyYjc5Njg0ZjMwMWE1Y2NkNTliZGY1NTp7Il9hdXRoX3VzZXJfaGFzaCI6IjJmM2E2MTViOGZiZmMyZGI4NDI0NTFlNzUxYjUyZWNiMWZmMzQ4NjYiLCJfYXV0aF91c2VyX2JhY2tlbmQiOiJkamFuZ28uY29udHJpYi5hdXRoLmJhY2tlbmRzLk1vZGVsQmFja2VuZCIsIl9hdXRoX3VzZXJfaWQiOiIxIn0=", "expire_date": "2021-02-03T13:29:29.473Z"}}, {"model": "sessions.session", "pk": "se56x48a95uhem2wy97jvvqvujehh9jl", "fields": {"session_data": "NTE2YWZkZTBhMjQzZDk2MjRlMzhiNjM1MmMzYTA2NWNiNTY2YTFlZjp7Il9hdXRoX3VzZXJfaWQiOiI2IiwiX2F1dGhfdXNlcl9oYXNoIjoiZjUwOWRlNWQ0ZTM5NzVmMzJiZTE4MzM5Nzg1MjEzMGE3MjFmZWI1NCIsIl9hdXRoX3VzZXJfYmFja2VuZCI6ImRqYW5nby5jb250cmliLmF1dGguYmFja2VuZHMuTW9kZWxCYWNrZW5kIn0=", "expire_date": "2020-05-24T13:48:00.556Z"}}, {"model": "sessions.session", "pk": "sfeu00pan0zvvar7zgky5cay8oi694zk", "fields": {"session_data": "NzgxMTFlNmNhMWJkMmRhOTAxZjQzM2YxNzk2YmYzZTU0NjE2MWJlNTp7Il9hdXRoX3VzZXJfaWQiOiIxIiwiX2F1dGhfdXNlcl9iYWNrZW5kIjoiZGphbmdvLmNvbnRyaWIuYXV0aC5iYWNrZW5kcy5Nb2RlbEJhY2tlbmQiLCJfYXV0aF91c2VyX2hhc2giOiIyZjNhNjE1YjhmYmZjMmRiODQyNDUxZTc1MWI1MmVjYjFmZjM0ODY2In0=", "expire_date": "2020-01-18T15:02:08.211Z"}}, {"model": "sessions.session", "pk": "sqvwwpsc3zejcr2znfc1davqxjts7is4", "fields": {"session_data": "ZjRmZTI1MmRjZTA5Yzk3YmM3MWMyMTU1MjY2ZjhkMjdmMWZhZTI5ZDp7Il9hdXRoX3VzZXJfYmFja2VuZCI6ImRqYW5nby5jb250cmliLmF1dGguYmFja2VuZHMuTW9kZWxCYWNrZW5kIiwiX2F1dGhfdXNlcl9oYXNoIjoiMmYzYTYxNWI4ZmJmYzJkYjg0MjQ1MWU3NTFiNTJlY2IxZmYzNDg2NiIsIl9hdXRoX3VzZXJfaWQiOiIxIn0=", "expire_date": "2020-01-13T12:25:18.745Z"}}, {"model": "sessions.session", "pk": "swzibrrk9vm1t6ghjwn5djt2fulds6lp", "fields": {"session_data": "MGJlNjllYzZkZGMxZjU5NmEyMjAzNzdlMjhkOGYxYjliOGE1MDcxZjp7Il9hdXRoX3VzZXJfaWQiOiI0IiwiX2F1dGhfdXNlcl9iYWNrZW5kIjoiZGphbmdvLmNvbnRyaWIuYXV0aC5iYWNrZW5kcy5Nb2RlbEJhY2tlbmQiLCJfYXV0aF91c2VyX2hhc2giOiJlYjFlZjI3MTE2NDA2NGM0YWJhMTM3NGFhM2NmZDBkMjBiMGVlZTQ0In0=", "expire_date": "2020-09-06T21:07:34.061Z"}}, {"model": "sessions.session", "pk": "sxlenzlnkvipywevy3a0t0wf66muzsk3", "fields": {"session_data": "NzgxMTFlNmNhMWJkMmRhOTAxZjQzM2YxNzk2YmYzZTU0NjE2MWJlNTp7Il9hdXRoX3VzZXJfaWQiOiIxIiwiX2F1dGhfdXNlcl9iYWNrZW5kIjoiZGphbmdvLmNvbnRyaWIuYXV0aC5iYWNrZW5kcy5Nb2RlbEJhY2tlbmQiLCJfYXV0aF91c2VyX2hhc2giOiIyZjNhNjE1YjhmYmZjMmRiODQyNDUxZTc1MWI1MmVjYjFmZjM0ODY2In0=", "expire_date": "2019-12-02T19:53:11.748Z"}}, {"model": "sessions.session", "pk": "t1wiukc97m732x68okaoxkmxp3wqyhen", "fields": {"session_data": "NzgxMTFlNmNhMWJkMmRhOTAxZjQzM2YxNzk2YmYzZTU0NjE2MWJlNTp7Il9hdXRoX3VzZXJfaWQiOiIxIiwiX2F1dGhfdXNlcl9iYWNrZW5kIjoiZGphbmdvLmNvbnRyaWIuYXV0aC5iYWNrZW5kcy5Nb2RlbEJhY2tlbmQiLCJfYXV0aF91c2VyX2hhc2giOiIyZjNhNjE1YjhmYmZjMmRiODQyNDUxZTc1MWI1MmVjYjFmZjM0ODY2In0=", "expire_date": "2020-11-24T16:19:43.016Z"}}, {"model": "sessions.session", "pk": "t8wakejoasm8hvzs3aw9kkb8tezs2a3f", "fields": {"session_data": "MGJlNjllYzZkZGMxZjU5NmEyMjAzNzdlMjhkOGYxYjliOGE1MDcxZjp7Il9hdXRoX3VzZXJfaWQiOiI0IiwiX2F1dGhfdXNlcl9iYWNrZW5kIjoiZGphbmdvLmNvbnRyaWIuYXV0aC5iYWNrZW5kcy5Nb2RlbEJhY2tlbmQiLCJfYXV0aF91c2VyX2hhc2giOiJlYjFlZjI3MTE2NDA2NGM0YWJhMTM3NGFhM2NmZDBkMjBiMGVlZTQ0In0=", "expire_date": "2021-01-28T22:29:23.627Z"}}, {"model": "sessions.session", "pk": "teqkiai1gxe1clee7r6gwfk5njstpc0s", "fields": {"session_data": "ZDU3OTMwYjdmYzA1YWMyMmYyYjc5Njg0ZjMwMWE1Y2NkNTliZGY1NTp7Il9hdXRoX3VzZXJfaGFzaCI6IjJmM2E2MTViOGZiZmMyZGI4NDI0NTFlNzUxYjUyZWNiMWZmMzQ4NjYiLCJfYXV0aF91c2VyX2JhY2tlbmQiOiJkamFuZ28uY29udHJpYi5hdXRoLmJhY2tlbmRzLk1vZGVsQmFja2VuZCIsIl9hdXRoX3VzZXJfaWQiOiIxIn0=", "expire_date": "2019-12-11T01:54:07.972Z"}}, {"model": "sessions.session", "pk": "tjvfiahu264cd0ccsl3v0j2xrmx9ifz8", "fields": {"session_data": "MzAyNGY5NDU0YzMxMTMwZTlmNTNhZTllZDdlNzIzYzdhODFkMjYyYzp7Il9hdXRoX3VzZXJfaGFzaCI6ImViMWVmMjcxMTY0MDY0YzRhYmExMzc0YWEzY2ZkMGQyMGIwZWVlNDQiLCJfYXV0aF91c2VyX2JhY2tlbmQiOiJkamFuZ28uY29udHJpYi5hdXRoLmJhY2tlbmRzLk1vZGVsQmFja2VuZCIsIl9hdXRoX3VzZXJfaWQiOiI0In0=", "expire_date": "2020-01-22T17:12:32.028Z"}}, {"model": "sessions.session", "pk": "tootyfai4hqnhwlm7mscu8w9amfg8pov", "fields": {"session_data": "ZjRmZTI1MmRjZTA5Yzk3YmM3MWMyMTU1MjY2ZjhkMjdmMWZhZTI5ZDp7Il9hdXRoX3VzZXJfYmFja2VuZCI6ImRqYW5nby5jb250cmliLmF1dGguYmFja2VuZHMuTW9kZWxCYWNrZW5kIiwiX2F1dGhfdXNlcl9oYXNoIjoiMmYzYTYxNWI4ZmJmYzJkYjg0MjQ1MWU3NTFiNTJlY2IxZmYzNDg2NiIsIl9hdXRoX3VzZXJfaWQiOiIxIn0=", "expire_date": "2019-11-20T13:03:37.932Z"}}, {"model": "sessions.session", "pk": "turyr9plm3ujzrucg6kvivbbpvj0bmvn", "fields": {"session_data": "ZDliMTEzZjY2OWU2Yjk5OGZlMjZmMDcwOTU0OWYyODc5ZmE2YTI1YTp7Il9hdXRoX3VzZXJfaGFzaCI6ImViMWVmMjcxMTY0MDY0YzRhYmExMzc0YWEzY2ZkMGQyMGIwZWVlNDQiLCJfYXV0aF91c2VyX2lkIjoiNCIsIl9hdXRoX3VzZXJfYmFja2VuZCI6ImRqYW5nby5jb250cmliLmF1dGguYmFja2VuZHMuTW9kZWxCYWNrZW5kIn0=", "expire_date": "2020-11-23T12:25:17.020Z"}}, {"model": "sessions.session", "pk": "usxgrqwffmkzp8ipvfnvofo70i3dqmwz", "fields": {"session_data": "MjJhZDVkMGVmYWYwZjQ0NWE3Zjg5YWUzMzcwOWFmYWY4OTJlMWQ0ZDp7Il9hdXRoX3VzZXJfaGFzaCI6IjJmM2E2MTViOGZiZmMyZGI4NDI0NTFlNzUxYjUyZWNiMWZmMzQ4NjYiLCJfYXV0aF91c2VyX2lkIjoiMSIsIl9hdXRoX3VzZXJfYmFja2VuZCI6ImRqYW5nby5jb250cmliLmF1dGguYmFja2VuZHMuTW9kZWxCYWNrZW5kIn0=", "expire_date": "2020-11-21T00:57:59.173Z"}}, {"model": "sessions.session", "pk": "uv7g1k3mirqwq0sulo068913heyywe88", "fields": {"session_data": "NzgxMTFlNmNhMWJkMmRhOTAxZjQzM2YxNzk2YmYzZTU0NjE2MWJlNTp7Il9hdXRoX3VzZXJfaWQiOiIxIiwiX2F1dGhfdXNlcl9iYWNrZW5kIjoiZGphbmdvLmNvbnRyaWIuYXV0aC5iYWNrZW5kcy5Nb2RlbEJhY2tlbmQiLCJfYXV0aF91c2VyX2hhc2giOiIyZjNhNjE1YjhmYmZjMmRiODQyNDUxZTc1MWI1MmVjYjFmZjM0ODY2In0=", "expire_date": "2020-07-15T16:03:55.682Z"}}, {"model": "sessions.session", "pk": "ux01wq826mnr7nh80qj2knyjdas9c7oj", "fields": {"session_data": "ZDliMTEzZjY2OWU2Yjk5OGZlMjZmMDcwOTU0OWYyODc5ZmE2YTI1YTp7Il9hdXRoX3VzZXJfaGFzaCI6ImViMWVmMjcxMTY0MDY0YzRhYmExMzc0YWEzY2ZkMGQyMGIwZWVlNDQiLCJfYXV0aF91c2VyX2lkIjoiNCIsIl9hdXRoX3VzZXJfYmFja2VuZCI6ImRqYW5nby5jb250cmliLmF1dGguYmFja2VuZHMuTW9kZWxCYWNrZW5kIn0=", "expire_date": "2020-12-26T16:23:52.759Z"}}, {"model": "sessions.session", "pk": "vaiubbespzx9a9fkd1rhnk99ldgzi76c", "fields": {"session_data": "MzAyNGY5NDU0YzMxMTMwZTlmNTNhZTllZDdlNzIzYzdhODFkMjYyYzp7Il9hdXRoX3VzZXJfaGFzaCI6ImViMWVmMjcxMTY0MDY0YzRhYmExMzc0YWEzY2ZkMGQyMGIwZWVlNDQiLCJfYXV0aF91c2VyX2JhY2tlbmQiOiJkamFuZ28uY29udHJpYi5hdXRoLmJhY2tlbmRzLk1vZGVsQmFja2VuZCIsIl9hdXRoX3VzZXJfaWQiOiI0In0=", "expire_date": "2021-02-02T15:56:44.291Z"}}, {"model": "sessions.session", "pk": "vdyyfied5o6bfszo7aq8f840wkycyd76", "fields": {"session_data": "NjIwN2YzMDY3NjczMDk3YzEwNGNlZTIzNDA4ZGMwN2U3NjdmZWUzNTp7Il9hdXRoX3VzZXJfaWQiOiIxIiwiX2F1dGhfdXNlcl9oYXNoIjoiMmYzYTYxNWI4ZmJmYzJkYjg0MjQ1MWU3NTFiNTJlY2IxZmYzNDg2NiIsIl9hdXRoX3VzZXJfYmFja2VuZCI6ImRqYW5nby5jb250cmliLmF1dGguYmFja2VuZHMuTW9kZWxCYWNrZW5kIn0=", "expire_date": "2020-10-16T23:01:31.870Z"}}, {"model": "sessions.session", "pk": "ve6sismyladd0f1qi27yfme0vndwva3v", "fields": {"session_data": "NzgxMTFlNmNhMWJkMmRhOTAxZjQzM2YxNzk2YmYzZTU0NjE2MWJlNTp7Il9hdXRoX3VzZXJfaWQiOiIxIiwiX2F1dGhfdXNlcl9iYWNrZW5kIjoiZGphbmdvLmNvbnRyaWIuYXV0aC5iYWNrZW5kcy5Nb2RlbEJhY2tlbmQiLCJfYXV0aF91c2VyX2hhc2giOiIyZjNhNjE1YjhmYmZjMmRiODQyNDUxZTc1MWI1MmVjYjFmZjM0ODY2In0=", "expire_date": "2019-10-30T12:14:55.119Z"}}, {"model": "sessions.session", "pk": "vj107079sq7df58q9ikky5iiccc4o40h", "fields": {"session_data": "NzgxMTFlNmNhMWJkMmRhOTAxZjQzM2YxNzk2YmYzZTU0NjE2MWJlNTp7Il9hdXRoX3VzZXJfaWQiOiIxIiwiX2F1dGhfdXNlcl9iYWNrZW5kIjoiZGphbmdvLmNvbnRyaWIuYXV0aC5iYWNrZW5kcy5Nb2RlbEJhY2tlbmQiLCJfYXV0aF91c2VyX2hhc2giOiIyZjNhNjE1YjhmYmZjMmRiODQyNDUxZTc1MWI1MmVjYjFmZjM0ODY2In0=", "expire_date": "2020-11-17T17:38:36.045Z"}}, {"model": "sessions.session", "pk": "vl9fuw2jp00x6b8ylde218nt7o514jzy", "fields": {"session_data": "ZDU3OTMwYjdmYzA1YWMyMmYyYjc5Njg0ZjMwMWE1Y2NkNTliZGY1NTp7Il9hdXRoX3VzZXJfaGFzaCI6IjJmM2E2MTViOGZiZmMyZGI4NDI0NTFlNzUxYjUyZWNiMWZmMzQ4NjYiLCJfYXV0aF91c2VyX2JhY2tlbmQiOiJkamFuZ28uY29udHJpYi5hdXRoLmJhY2tlbmRzLk1vZGVsQmFja2VuZCIsIl9hdXRoX3VzZXJfaWQiOiIxIn0=", "expire_date": "2020-11-30T17:51:41.497Z"}}, {"model": "sessions.session", "pk": "vtwc6i8j4j589dasih12g2622bhh5fc9", "fields": {"session_data": "NTcyMDIyZTZiMzNlZTRhYThiYjIzNjUzZjhkMTYzNDJkMjkzZWI1NTp7Il9hdXRoX3VzZXJfaWQiOiI0IiwiX2F1dGhfdXNlcl9iYWNrZW5kIjoiZGphbmdvLmNvbnRyaWIuYXV0aC5iYWNrZW5kcy5Nb2RlbEJhY2tlbmQiLCJfYXV0aF91c2VyX2hhc2giOiIwOTkwYzI4N2I4YTg1ZWFmYzAxNzFmYTY0ZTQ5MmMzZGZjZGMzMWY5In0=", "expire_date": "2019-10-26T19:46:30.285Z"}}, {"model": "sessions.session", "pk": "vxkk6u4j8wu732t5sy4wjakz9bhx7ygf", "fields": {"session_data": "ZDU3OTMwYjdmYzA1YWMyMmYyYjc5Njg0ZjMwMWE1Y2NkNTliZGY1NTp7Il9hdXRoX3VzZXJfaGFzaCI6IjJmM2E2MTViOGZiZmMyZGI4NDI0NTFlNzUxYjUyZWNiMWZmMzQ4NjYiLCJfYXV0aF91c2VyX2JhY2tlbmQiOiJkamFuZ28uY29udHJpYi5hdXRoLmJhY2tlbmRzLk1vZGVsQmFja2VuZCIsIl9hdXRoX3VzZXJfaWQiOiIxIn0=", "expire_date": "2020-12-22T14:34:42.079Z"}}, {"model": "sessions.session", "pk": "wbdx0t4xxfapqsndy5988c6ye4y7aqpf", "fields": {"session_data": "OTQ5OTQxN2I0NjQ3ZGQxNWViY2U4YTJiNTE2NTcyMmY4MmQ0ZWYxMzp7Il9hdXRoX3VzZXJfaWQiOiI0IiwiX2F1dGhfdXNlcl9oYXNoIjoiZWIxZWYyNzExNjQwNjRjNGFiYTEzNzRhYTNjZmQwZDIwYjBlZWU0NCIsIl9hdXRoX3VzZXJfYmFja2VuZCI6ImRqYW5nby5jb250cmliLmF1dGguYmFja2VuZHMuTW9kZWxCYWNrZW5kIn0=", "expire_date": "2020-07-08T17:40:20.423Z"}}, {"model": "sessions.session", "pk": "wlmhg5gn85fq2fwyzsxr9ao8exgx6ny4", "fields": {"session_data": "ZjRmZTI1MmRjZTA5Yzk3YmM3MWMyMTU1MjY2ZjhkMjdmMWZhZTI5ZDp7Il9hdXRoX3VzZXJfYmFja2VuZCI6ImRqYW5nby5jb250cmliLmF1dGguYmFja2VuZHMuTW9kZWxCYWNrZW5kIiwiX2F1dGhfdXNlcl9oYXNoIjoiMmYzYTYxNWI4ZmJmYzJkYjg0MjQ1MWU3NTFiNTJlY2IxZmYzNDg2NiIsIl9hdXRoX3VzZXJfaWQiOiIxIn0=", "expire_date": "2020-06-20T13:52:47.878Z"}}, {"model": "sessions.session", "pk": "wmemagxzpb1e3g5o2rr3s3w94g491rrc", "fields": {"session_data": "MTlhMTc3N2U2MjRmNmI4MjNlYjFmMmQyYWViOGYyZTJlNmQwZjdlMTp7Il9hdXRoX3VzZXJfYmFja2VuZCI6ImRqYW5nby5jb250cmliLmF1dGguYmFja2VuZHMuTW9kZWxCYWNrZW5kIiwiX2F1dGhfdXNlcl9pZCI6IjQiLCJfYXV0aF91c2VyX2hhc2giOiJlYjFlZjI3MTE2NDA2NGM0YWJhMTM3NGFhM2NmZDBkMjBiMGVlZTQ0In0=", "expire_date": "2020-06-05T14:38:41.939Z"}}, {"model": "sessions.session", "pk": "wpb811705zxr60427z40gfjnoa69pigx", "fields": {"session_data": "ZjRmZTI1MmRjZTA5Yzk3YmM3MWMyMTU1MjY2ZjhkMjdmMWZhZTI5ZDp7Il9hdXRoX3VzZXJfYmFja2VuZCI6ImRqYW5nby5jb250cmliLmF1dGguYmFja2VuZHMuTW9kZWxCYWNrZW5kIiwiX2F1dGhfdXNlcl9oYXNoIjoiMmYzYTYxNWI4ZmJmYzJkYjg0MjQ1MWU3NTFiNTJlY2IxZmYzNDg2NiIsIl9hdXRoX3VzZXJfaWQiOiIxIn0=", "expire_date": "2020-06-22T12:52:23.060Z"}}, {"model": "sessions.session", "pk": "wsqcj5czaj3f5rubst37c2e4l89e4tu3", "fields": {"session_data": "MWRkOGI1Y2JlYjMyNTBlNjZiYWYwMWZhZGE1YjAyZjE2MWJkZDc1Zjp7Il9hdXRoX3VzZXJfYmFja2VuZCI6ImRqYW5nby5jb250cmliLmF1dGguYmFja2VuZHMuTW9kZWxCYWNrZW5kIiwiX2F1dGhfdXNlcl9pZCI6IjEiLCJfYXV0aF91c2VyX2hhc2giOiIyZjNhNjE1YjhmYmZjMmRiODQyNDUxZTc1MWI1MmVjYjFmZjM0ODY2In0=", "expire_date": "2020-01-16T13:21:54.343Z"}}, {"model": "sessions.session", "pk": "wucchtpzpcif5r78skkid1ptop4ismp1", "fields": {"session_data": "OWIwNDE1NzYwMDg2MmIwZGFhNzZhZTE0Yzg2ZmY4ZjZmNmI5M2E5Yjp7Il9hdXRoX3VzZXJfaGFzaCI6ImY1MDlkZTVkNGUzOTc1ZjMyYmUxODMzOTc4NTIxMzBhNzIxZmViNTQiLCJfYXV0aF91c2VyX2lkIjoiNiIsIl9hdXRoX3VzZXJfYmFja2VuZCI6ImRqYW5nby5jb250cmliLmF1dGguYmFja2VuZHMuTW9kZWxCYWNrZW5kIn0=", "expire_date": "2020-03-15T13:27:23.523Z"}}, {"model": "sessions.session", "pk": "wxoerlnkuul1phfdxm5hkiachla7f9w0", "fields": {"session_data": "OWIwNDE1NzYwMDg2MmIwZGFhNzZhZTE0Yzg2ZmY4ZjZmNmI5M2E5Yjp7Il9hdXRoX3VzZXJfaGFzaCI6ImY1MDlkZTVkNGUzOTc1ZjMyYmUxODMzOTc4NTIxMzBhNzIxZmViNTQiLCJfYXV0aF91c2VyX2lkIjoiNiIsIl9hdXRoX3VzZXJfYmFja2VuZCI6ImRqYW5nby5jb250cmliLmF1dGguYmFja2VuZHMuTW9kZWxCYWNrZW5kIn0=", "expire_date": "2021-01-16T20:00:57.814Z"}}, {"model": "sessions.session", "pk": "x8r76c59w90de8gopxissy50n67wileh", "fields": {"session_data": "ZDU3OTMwYjdmYzA1YWMyMmYyYjc5Njg0ZjMwMWE1Y2NkNTliZGY1NTp7Il9hdXRoX3VzZXJfaGFzaCI6IjJmM2E2MTViOGZiZmMyZGI4NDI0NTFlNzUxYjUyZWNiMWZmMzQ4NjYiLCJfYXV0aF91c2VyX2JhY2tlbmQiOiJkamFuZ28uY29udHJpYi5hdXRoLmJhY2tlbmRzLk1vZGVsQmFja2VuZCIsIl9hdXRoX3VzZXJfaWQiOiIxIn0=", "expire_date": "2020-12-02T12:54:16.595Z"}}, {"model": "sessions.session", "pk": "xdadi6wwsmulp04u6fxlqtw2a9iqji2f", "fields": {"session_data": "NzgxMTFlNmNhMWJkMmRhOTAxZjQzM2YxNzk2YmYzZTU0NjE2MWJlNTp7Il9hdXRoX3VzZXJfaWQiOiIxIiwiX2F1dGhfdXNlcl9iYWNrZW5kIjoiZGphbmdvLmNvbnRyaWIuYXV0aC5iYWNrZW5kcy5Nb2RlbEJhY2tlbmQiLCJfYXV0aF91c2VyX2hhc2giOiIyZjNhNjE1YjhmYmZjMmRiODQyNDUxZTc1MWI1MmVjYjFmZjM0ODY2In0=", "expire_date": "2020-01-13T18:28:23.156Z"}}, {"model": "sessions.session", "pk": "xqk9pfw0d6r9kxh1kql8xpxxo9pmdyna", "fields": {"session_data": "ZjRmZTI1MmRjZTA5Yzk3YmM3MWMyMTU1MjY2ZjhkMjdmMWZhZTI5ZDp7Il9hdXRoX3VzZXJfYmFja2VuZCI6ImRqYW5nby5jb250cmliLmF1dGguYmFja2VuZHMuTW9kZWxCYWNrZW5kIiwiX2F1dGhfdXNlcl9oYXNoIjoiMmYzYTYxNWI4ZmJmYzJkYjg0MjQ1MWU3NTFiNTJlY2IxZmYzNDg2NiIsIl9hdXRoX3VzZXJfaWQiOiIxIn0=", "expire_date": "2020-06-21T22:05:24.981Z"}}, {"model": "sessions.session", "pk": "yc0buxeano0kvu7bg7u5ry3z0vv5vbp0", "fields": {"session_data": "MWRkOGI1Y2JlYjMyNTBlNjZiYWYwMWZhZGE1YjAyZjE2MWJkZDc1Zjp7Il9hdXRoX3VzZXJfYmFja2VuZCI6ImRqYW5nby5jb250cmliLmF1dGguYmFja2VuZHMuTW9kZWxCYWNrZW5kIiwiX2F1dGhfdXNlcl9pZCI6IjEiLCJfYXV0aF91c2VyX2hhc2giOiIyZjNhNjE1YjhmYmZjMmRiODQyNDUxZTc1MWI1MmVjYjFmZjM0ODY2In0=", "expire_date": "2019-12-01T23:25:10.836Z"}}, {"model": "sessions.session", "pk": "ymnbji3e0zhsv1vo5sz4w86ap07ge0gt", "fields": {"session_data": "MjJhZDVkMGVmYWYwZjQ0NWE3Zjg5YWUzMzcwOWFmYWY4OTJlMWQ0ZDp7Il9hdXRoX3VzZXJfaGFzaCI6IjJmM2E2MTViOGZiZmMyZGI4NDI0NTFlNzUxYjUyZWNiMWZmMzQ4NjYiLCJfYXV0aF91c2VyX2lkIjoiMSIsIl9hdXRoX3VzZXJfYmFja2VuZCI6ImRqYW5nby5jb250cmliLmF1dGguYmFja2VuZHMuTW9kZWxCYWNrZW5kIn0=", "expire_date": "2020-11-23T12:45:28.523Z"}}, {"model": "sessions.session", "pk": "yn8j1n45mtillv1fr930b5wn9wr1tbns", "fields": {"session_data": "MjJhZDVkMGVmYWYwZjQ0NWE3Zjg5YWUzMzcwOWFmYWY4OTJlMWQ0ZDp7Il9hdXRoX3VzZXJfaGFzaCI6IjJmM2E2MTViOGZiZmMyZGI4NDI0NTFlNzUxYjUyZWNiMWZmMzQ4NjYiLCJfYXV0aF91c2VyX2lkIjoiMSIsIl9hdXRoX3VzZXJfYmFja2VuZCI6ImRqYW5nby5jb250cmliLmF1dGguYmFja2VuZHMuTW9kZWxCYWNrZW5kIn0=", "expire_date": "2021-02-02T12:19:16.332Z"}}, {"model": "sessions.session", "pk": "yykutc84nunsn7h3vimoonlk684vk93r", "fields": {"session_data": "ZjRmZTI1MmRjZTA5Yzk3YmM3MWMyMTU1MjY2ZjhkMjdmMWZhZTI5ZDp7Il9hdXRoX3VzZXJfYmFja2VuZCI6ImRqYW5nby5jb250cmliLmF1dGguYmFja2VuZHMuTW9kZWxCYWNrZW5kIiwiX2F1dGhfdXNlcl9oYXNoIjoiMmYzYTYxNWI4ZmJmYzJkYjg0MjQ1MWU3NTFiNTJlY2IxZmYzNDg2NiIsIl9hdXRoX3VzZXJfaWQiOiIxIn0=", "expire_date": "2020-08-29T16:19:21.874Z"}}, {"model": "sessions.session", "pk": "zc59eg2s5aje2nzm1jvooneu6vb1yx8w", "fields": {"session_data": "MGJlNjllYzZkZGMxZjU5NmEyMjAzNzdlMjhkOGYxYjliOGE1MDcxZjp7Il9hdXRoX3VzZXJfaWQiOiI0IiwiX2F1dGhfdXNlcl9iYWNrZW5kIjoiZGphbmdvLmNvbnRyaWIuYXV0aC5iYWNrZW5kcy5Nb2RlbEJhY2tlbmQiLCJfYXV0aF91c2VyX2hhc2giOiJlYjFlZjI3MTE2NDA2NGM0YWJhMTM3NGFhM2NmZDBkMjBiMGVlZTQ0In0=", "expire_date": "2020-08-19T20:02:51.060Z"}}, {"model": "sessions.session", "pk": "zlqcxzebfwfhaiqqbt4omczpz09f9hy4", "fields": {"session_data": "MjJhZDVkMGVmYWYwZjQ0NWE3Zjg5YWUzMzcwOWFmYWY4OTJlMWQ0ZDp7Il9hdXRoX3VzZXJfaGFzaCI6IjJmM2E2MTViOGZiZmMyZGI4NDI0NTFlNzUxYjUyZWNiMWZmMzQ4NjYiLCJfYXV0aF91c2VyX2lkIjoiMSIsIl9hdXRoX3VzZXJfYmFja2VuZCI6ImRqYW5nby5jb250cmliLmF1dGguYmFja2VuZHMuTW9kZWxCYWNrZW5kIn0=", "expire_date": "2020-07-14T22:32:02.293Z"}}, {"model": "sessions.session", "pk": "znektt7xshscwok2naw6a7vibiybmr8m", "fields": {"session_data": "ZjRmZTI1MmRjZTA5Yzk3YmM3MWMyMTU1MjY2ZjhkMjdmMWZhZTI5ZDp7Il9hdXRoX3VzZXJfYmFja2VuZCI6ImRqYW5nby5jb250cmliLmF1dGguYmFja2VuZHMuTW9kZWxCYWNrZW5kIiwiX2F1dGhfdXNlcl9oYXNoIjoiMmYzYTYxNWI4ZmJmYzJkYjg0MjQ1MWU3NTFiNTJlY2IxZmYzNDg2NiIsIl9hdXRoX3VzZXJfaWQiOiIxIn0=", "expire_date": "2020-07-15T22:54:16.366Z"}}, {"model": "sessions.session", "pk": "zppmep6080xwbfc4vsikrvjbyb8qgthc", "fields": {"session_data": "NjIwN2YzMDY3NjczMDk3YzEwNGNlZTIzNDA4ZGMwN2U3NjdmZWUzNTp7Il9hdXRoX3VzZXJfaWQiOiIxIiwiX2F1dGhfdXNlcl9oYXNoIjoiMmYzYTYxNWI4ZmJmYzJkYjg0MjQ1MWU3NTFiNTJlY2IxZmYzNDg2NiIsIl9hdXRoX3VzZXJfYmFja2VuZCI6ImRqYW5nby5jb250cmliLmF1dGguYmFja2VuZHMuTW9kZWxCYWNrZW5kIn0=", "expire_date": "2020-01-14T12:02:42.373Z"}}, {"model": "sessions.session", "pk": "zzb3lghvmrz083svex7hx27slj5ll3i8", "fields": {"session_data": "NjIwN2YzMDY3NjczMDk3YzEwNGNlZTIzNDA4ZGMwN2U3NjdmZWUzNTp7Il9hdXRoX3VzZXJfaWQiOiIxIiwiX2F1dGhfdXNlcl9oYXNoIjoiMmYzYTYxNWI4ZmJmYzJkYjg0MjQ1MWU3NTFiNTJlY2IxZmYzNDg2NiIsIl9hdXRoX3VzZXJfYmFja2VuZCI6ImRqYW5nby5jb250cmliLmF1dGguYmFja2VuZHMuTW9kZWxCYWNrZW5kIn0=", "expire_date": "2020-06-24T10:21:00.269Z"}}, {"model": "sessions.session", "pk": "zzgu8av6mi83kadgx3gl9ewr0wdvsyxe", "fields": {"session_data": "ZDdkY2RmYmJjOTliMDg1Y2RjNDJjYWZhOGRjODA4MzgyN2EyZTUxZTp7Il9hdXRoX3VzZXJfYmFja2VuZCI6ImRqYW5nby5jb250cmliLmF1dGguYmFja2VuZHMuTW9kZWxCYWNrZW5kIiwiX2F1dGhfdXNlcl9oYXNoIjoiZWIxZWYyNzExNjQwNjRjNGFiYTEzNzRhYTNjZmQwZDIwYjBlZWU0NCIsIl9hdXRoX3VzZXJfaWQiOiI0In0=", "expire_date": "2020-02-05T18:59:31.864Z"}}, {"model": "sessions.session", "pk": "zzhlhas2ve8agydf6rsxw1raqsczcr02", "fields": {"session_data": "MjJhZDVkMGVmYWYwZjQ0NWE3Zjg5YWUzMzcwOWFmYWY4OTJlMWQ0ZDp7Il9hdXRoX3VzZXJfaGFzaCI6IjJmM2E2MTViOGZiZmMyZGI4NDI0NTFlNzUxYjUyZWNiMWZmMzQ4NjYiLCJfYXV0aF91c2VyX2lkIjoiMSIsIl9hdXRoX3VzZXJfYmFja2VuZCI6ImRqYW5nby5jb250cmliLmF1dGguYmFja2VuZHMuTW9kZWxCYWNrZW5kIn0=", "expire_date": "2021-02-04T17:26:43.482Z"}}, {"model": "brassin.ingredient", "pk": 1, "fields": {"type_ingredient": "Autre", "variete": "Flocon avoine", "prix_kg": "5.00", "acide_alpha": null, "ebc_min": null, "ebc_max": null, "attenuation_min": null, "attenuation_max": null, "description": null}}, {"model": "brassin.ingredient", "pk": 2, "fields": {"type_ingredient": "Autre", "variete": "Sucre candi", "prix_kg": "7.50", "acide_alpha": null, "ebc_min": null, "ebc_max": null, "attenuation_min": null, "attenuation_max": null, "description": null}}, {"model": "brassin.ingredient", "pk": 3, "fields": {"type_ingredient": "Autre", "variete": "Mousse d'irlande", "prix_kg": "39.50", "acide_alpha": null, "ebc_min": null, "ebc_max": null, "attenuation_min": null, "attenuation_max": null, "description": null}}, {"model": "brassin.ingredient", "pk": 4, "fields": {"type_ingredient": "Autre", "variete": "Coriandre", "prix_kg": "50.00", "acide_alpha": null, "ebc_min": null, "ebc_max": null, "attenuation_min": null, "attenuation_max": null, "description": null}}, {"model": "brassin.ingredient", "pk": 5, "fields": {"type_ingredient": "Autre", "variete": "Caf\u00e9 Guatemala", "prix_kg": "12.00", "acide_alpha": null, "ebc_min": null, "ebc_max": null, "attenuation_min": null, "attenuation_max": null, "description": null}}, {"model": "brassin.ingredient", "pk": 6, "fields": {"type_ingredient": "Malt", "variete": "Pale Ale", "prix_kg": "1.14", "acide_alpha": null, "ebc_min": "7", "ebc_max": "10", "attenuation_min": null, "attenuation_max": null, "description": null}}, {"model": "brassin.ingredient", "pk": 7, "fields": {"type_ingredient": "Malt", "variete": "Carafa Special Type I", "prix_kg": "3.85", "acide_alpha": null, "ebc_min": "800", "ebc_max": "1000", "attenuation_min": null, "attenuation_max": null, "description": null}}, {"model": "brassin.ingredient", "pk": 8, "fields": {"type_ingredient": "Malt", "variete": "Caramunich Type II", "prix_kg": "3.45", "acide_alpha": null, "ebc_min": "110", "ebc_max": "130", "attenuation_min": null, "attenuation_max": null, "description": null}}, {"model": "brassin.ingredient", "pk": 9, "fields": {"type_ingredient": "Malt", "variete": "Special B", "prix_kg": "2.85", "acide_alpha": null, "ebc_min": "260", "ebc_max": "320", "attenuation_min": null, "attenuation_max": null, "description": null}}, {"model": "brassin.ingredient", "pk": 10, "fields": {"type_ingredient": "Malt", "variete": "Pilsner", "prix_kg": "1.20", "acide_alpha": null, "ebc_min": "3", "ebc_max": "3", "attenuation_min": null, "attenuation_max": null, "description": null}}, {"model": "brassin.ingredient", "pk": 11, "fields": {"type_ingredient": "Malt", "variete": "Chocolate", "prix_kg": "3.35", "acide_alpha": null, "ebc_min": "800", "ebc_max": "1000", "attenuation_min": null, "attenuation_max": null, "description": null}}, {"model": "brassin.ingredient", "pk": 12, "fields": {"type_ingredient": "Malt", "variete": "Black", "prix_kg": "3.40", "acide_alpha": null, "ebc_min": "1200", "ebc_max": "1450", "attenuation_min": null, "attenuation_max": null, "description": null}}, {"model": "brassin.ingredient", "pk": 13, "fields": {"type_ingredient": "Malt", "variete": "Cara", "prix_kg": "3.00", "acide_alpha": null, "ebc_min": "110", "ebc_max": "130", "attenuation_min": null, "attenuation_max": null, "description": null}}, {"model": "brassin.ingredient", "pk": 14, "fields": {"type_ingredient": "Houblon", "variete": "Hallertau Mittelfr\u00fch", "prix_kg": "27.30", "acide_alpha": "4.20", "ebc_min": null, "ebc_max": null, "attenuation_min": null, "attenuation_max": null, "description": "Type: Aromatique\r\nALLEMAGNE\r\nNotes d'herbes et \u00e9pices. \r\nType de bi\u00e8re: Pils allemande"}}, {"model": "brassin.ingredient", "pk": 15, "fields": {"type_ingredient": "Houblon", "variete": "Golding", "prix_kg": "45.00", "acide_alpha": "5.00", "ebc_min": null, "ebc_max": null, "attenuation_min": null, "attenuation_max": null, "description": "Type: Aromatique\r\nANGLAIS\r\nLe Goldings est appel\u00e9 East Kent Goldings si sa culture se situe dans la r\u00e9gion de Kent. Autrement le Goldings. \r\n\r\nSubstitution: East Kent Goldings, Styrian Goldings, etc"}}, {"model": "brassin.ingredient", "pk": 16, "fields": {"type_ingredient": "Houblon", "variete": "Aurora", "prix_kg": "21.70", "acide_alpha": "8.30", "ebc_min": null, "ebc_max": null, "attenuation_min": null, "attenuation_max": null, "description": null}}, {"model": "brassin.ingredient", "pk": 17, "fields": {"type_ingredient": "Houblon", "variete": "East Kent Golding", "prix_kg": "60.00", "acide_alpha": "4.00", "ebc_min": null, "ebc_max": null, "attenuation_min": null, "attenuation_max": null, "description": "Type: Aromatique\r\nANGLAIS\r\nVari\u00e9t\u00e9 aromatique traditionnelle, un ar\u00f4me doux, presque sucr\u00e9, d\u00e9licat et un peu \u00e9pic\u00e9. Ce houblon aromatique pouvant \u00eatre utilis\u00e9 comme am\u00e9risant, est surnomm\u00e9 le roi des houblons anglais du fait de son ar\u00f4me tr\u00e8s fin. Epic\u00e9/florale, terreux, arrondi\r\n\r\nUtilit\u00e9: am\u00e9risant, ou dry hopping pour les British style ales. Young's Special London Ale, Samuel Smith's Pale Ale, Fuller's ESB\r\n\r\nSubstitution: Progress, Golding"}}, {"model": "brassin.ingredient", "pk": 18, "fields": {"type_ingredient": "Levure", "variete": "Scottish Ale", "prix_kg": "8.95", "acide_alpha": null, "ebc_min": null, "ebc_max": null, "attenuation_min": "69", "attenuation_max": "73", "description": null}}, {"model": "brassin.ingredient", "pk": 19, "fields": {"type_ingredient": "Levure", "variete": "Belgian Abbey II", "prix_kg": "8.95", "acide_alpha": null, "ebc_min": null, "ebc_max": null, "attenuation_min": "73", "attenuation_max": "77", "description": null}}, {"model": "brassin.ingredient", "pk": 20, "fields": {"type_ingredient": "Levure", "variete": "Irish", "prix_kg": "8.95", "acide_alpha": null, "ebc_min": null, "ebc_max": null, "attenuation_min": "71", "attenuation_max": "75", "description": null}}, {"model": "brassin.ingredient", "pk": 21, "fields": {"type_ingredient": "Malt", "variete": "Tourb\u00e9", "prix_kg": "3.25", "acide_alpha": null, "ebc_min": "8", "ebc_max": "8", "attenuation_min": null, "attenuation_max": null, "description": null}}, {"model": "brassin.ingredient", "pk": 22, "fields": {"type_ingredient": "Autre", "variete": "Poivre", "prix_kg": "50.00", "acide_alpha": null, "ebc_min": null, "ebc_max": null, "attenuation_min": null, "attenuation_max": null, "description": null}}, {"model": "brassin.ingredient", "pk": 23, "fields": {"type_ingredient": "Malt", "variete": "Abbaye", "prix_kg": "3.00", "acide_alpha": null, "ebc_min": "45", "ebc_max": "45", "attenuation_min": null, "attenuation_max": null, "description": null}}, {"model": "brassin.ingredient", "pk": 24, "fields": {"type_ingredient": "Autre", "variete": "Agent moussant", "prix_kg": "65.00", "acide_alpha": null, "ebc_min": null, "ebc_max": null, "attenuation_min": null, "attenuation_max": null, "description": null}}, {"model": "brassin.ingredient", "pk": 25, "fields": {"type_ingredient": "Houblon", "variete": "Northern Brewers", "prix_kg": "50.00", "acide_alpha": "8.00", "ebc_min": null, "ebc_max": null, "attenuation_min": null, "attenuation_max": null, "description": "Type: Double\r\nANGLAIS\r\nDescription:\r\nCette vari\u00e9t\u00e9 d'houblon fut d\u00e9velopp\u00e9e en Angleterre en 1934 (par un croisement d'houblons femelles sauvages am\u00e9ricains et de m\u00e2le anglais). G\u00e9n\u00e9ralement utilis\u00e9e pour ses qualit\u00e9s ar\u00f4matique (ar\u00f4mes bois\u00e9 et fruit\u00e9) et am\u00e9risant, en compl\u00e9ment d'autres vari\u00e9t\u00e9s. Brewer. Polyvalent, mais plut\u00f4t utilis\u00e9 pour l'amertume. Saveurs fortes et tr\u00e8s parfum\u00e9es. Notes bois\u00e9es (go\u00fbt du bois) et de menthe\r\n\r\nUtilit\u00e9:\r\nOld Peculiar (bittering), Anchor Liberty (bittering), Anchor Steam (bittering, flavoring, aroma). Tr\u00e8s utilis\u00e9 pour les brunes. ESB, Bitter, Pale Ale Anglaise, Porter, Calif\r\n\r\nAlternatives:\r\nNorthern, Challenger, Hallertauer, Nugget, Chinook"}}, {"model": "brassin.ingredient", "pk": 26, "fields": {"type_ingredient": "Autre", "variete": "Quatre \u00e9pices", "prix_kg": "0.00", "acide_alpha": null, "ebc_min": null, "ebc_max": null, "attenuation_min": null, "attenuation_max": null, "description": ""}}, {"model": "brassin.ingredient", "pk": 27, "fields": {"type_ingredient": "Levure", "variete": "Belgian Abbey", "prix_kg": "10.90", "acide_alpha": null, "ebc_min": null, "ebc_max": null, "attenuation_min": "74", "attenuation_max": "78", "description": "Gamme de Temp\u00e9rature : 20-24\u00b0C\r\nTolerance d'alcool : environ 12%ABV\r\n\r\nProfil d'ester agr\u00e9able ainsi que des notes d'alcool l\u00e9g\u00e8rement \u00e9pic\u00e9es. \r\nElle peut \u00eatre lente \u00e0 d\u00e9marrer mais elle a cependant une bonne att\u00e9nuation."}}, {"model": "brassin.ingredient", "pk": 28, "fields": {"type_ingredient": "Autre", "variete": "DME blond", "prix_kg": "13.00", "acide_alpha": null, "ebc_min": null, "ebc_max": null, "attenuation_min": null, "attenuation_max": null, "description": "Extrait de malt. Pour starter. \r\n100g/L"}}, {"model": "brassin.ingredient", "pk": 29, "fields": {"type_ingredient": "Autre", "variete": "Copeaux de ch\u00eane", "prix_kg": "20.00", "acide_alpha": null, "ebc_min": null, "ebc_max": null, "attenuation_min": null, "attenuation_max": null, "description": ""}}, {"model": "brassin.ingredient", "pk": 30, "fields": {"type_ingredient": "Houblon", "variete": "Hallertau Hersbrucker", "prix_kg": "52.00", "acide_alpha": "2.70", "ebc_min": null, "ebc_max": null, "attenuation_min": null, "attenuation_max": null, "description": "Le Hersbrucker est un houblon aromatique les plus utilis\u00e9es en Allemagne."}}, {"model": "brassin.recette", "pk": 1, "fields": {"nom": "Equilibrium", "type_biere": "Brune", "densite_desire": null, "taux_empatage": "0.300", "resucrage": "7.0", "notes": null}}, {"model": "brassin.recette", "pk": 2, "fields": {"nom": "IV Elements", "type_biere": "Ambr\u00e9e", "densite_desire": "1.070", "taux_empatage": "0.300", "resucrage": "7.0", "notes": ""}}, {"model": "brassin.recette", "pk": 3, "fields": {"nom": "L\u00e9b\u00e9rou", "type_biere": "Stout", "densite_desire": "1.095", "taux_empatage": "0.350", "resucrage": "7.0", "notes": ""}}, {"model": "brassin.recette", "pk": 4, "fields": {"nom": "Bier\u00d4glyphe", "type_biere": "Blonde", "densite_desire": "1.060", "taux_empatage": "0.300", "resucrage": "7.0", "notes": ""}}, {"model": "brassin.note", "pk": 1, "fields": {"date": null, "titre": "", "texte": "", "auteur": null}}, {"model": "brassin.brassin", "pk": 1, "fields": {"date_brassin": "2018-06-18", "date_mise_bouteille": null, "densite_avant_ebullition": null, "densite_initiale": null, "densite_finale": null, "volume_empatage": "20.0", "volume_rincage_dreches": "12.0", "volume_mout": null, "volume_cuve_fermentation": "0.0", "volume_starter": "0.0", "nombre_bouteilles": 20, "temps_empatage": "01:00:00", "temps_ebullition": "01:30:00", "temps_fermentation": null, "notes": "", "recette": 1, "temperature_brassage": null, "resucrage": "7.0"}}, {"model": "brassin.brassin", "pk": 2, "fields": {"date_brassin": "2018-07-28", "date_mise_bouteille": null, "densite_avant_ebullition": "1.041", "densite_initiale": "1.041", "densite_finale": "1.020", "volume_empatage": "30.0", "volume_rincage_dreches": "12.0", "volume_mout": "30.0", "volume_cuve_fermentation": "21.0", "volume_starter": "0.0", "nombre_bouteilles": 27, "temps_empatage": "01:00:00", "temps_ebullition": "01:30:00", "temps_fermentation": null, "notes": "", "recette": 1, "temperature_brassage": null, "resucrage": "7.0"}}, {"model": "brassin.brassin", "pk": 3, "fields": {"date_brassin": "2018-10-06", "date_mise_bouteille": null, "densite_avant_ebullition": "1.079", "densite_initiale": "1.079", "densite_finale": "1.018", "volume_empatage": "35.0", "volume_rincage_dreches": "12.0", "volume_mout": "35.0", "volume_cuve_fermentation": "33.0", "volume_starter": "0.0", "nombre_bouteilles": 42, "temps_empatage": "01:00:00", "temps_ebullition": "01:30:00", "temps_fermentation": null, "notes": "", "recette": 2, "temperature_brassage": null, "resucrage": "7.0"}}, {"model": "brassin.brassin", "pk": 4, "fields": {"date_brassin": "2018-11-24", "date_mise_bouteille": "2018-12-23", "densite_avant_ebullition": null, "densite_initiale": "1.070", "densite_finale": "1.022", "volume_empatage": "35.0", "volume_rincage_dreches": "20.0", "volume_mout": "43.0", "volume_cuve_fermentation": "33.0", "volume_starter": "0.0", "nombre_bouteilles": 45, "temps_empatage": "01:00:00", "temps_ebullition": "01:20:00", "temps_fermentation": null, "notes": "8.9 g /L de sucre", "recette": 1, "temperature_brassage": null, "resucrage": "7.0"}}, {"model": "brassin.brassin", "pk": 5, "fields": {"date_brassin": "2018-12-23", "date_mise_bouteille": null, "densite_avant_ebullition": "1.079", "densite_initiale": "1.083", "densite_finale": "1.021", "volume_empatage": "30.0", "volume_rincage_dreches": "13.0", "volume_mout": "35.0", "volume_cuve_fermentation": "28.0", "volume_starter": "0.0", "nombre_bouteilles": 32, "temps_empatage": "01:15:00", "temps_ebullition": "01:15:00", "temps_fermentation": null, "notes": "fermentation 30L max sur petite cuve / probl\u00e8me barboteur", "recette": 1, "temperature_brassage": null, "resucrage": "7.0"}}, {"model": "brassin.brassin", "pk": 6, "fields": {"date_brassin": "2018-12-28", "date_mise_bouteille": null, "densite_avant_ebullition": "1.072", "densite_initiale": "1.072", "densite_finale": "1.016", "volume_empatage": "35.0", "volume_rincage_dreches": "20.0", "volume_mout": "40.0", "volume_cuve_fermentation": "40.0", "volume_starter": "0.0", "nombre_bouteilles": 46, "temps_empatage": "01:15:00", "temps_ebullition": "01:30:00", "temps_fermentation": null, "notes": "", "recette": 2, "temperature_brassage": null, "resucrage": "7.0"}}, {"model": "brassin.brassin", "pk": 7, "fields": {"date_brassin": "2019-01-26", "date_mise_bouteille": "2019-02-27", "densite_avant_ebullition": "1.058", "densite_initiale": "1.068", "densite_finale": "1.020", "volume_empatage": "35.0", "volume_rincage_dreches": "20.0", "volume_mout": "50.0", "volume_cuve_fermentation": "0.0", "volume_starter": "0.0", "nombre_bouteilles": 47, "temps_empatage": "01:15:00", "temps_ebullition": "01:30:00", "temps_fermentation": null, "notes": "Probl\u00e8me gaz: garder bouteille au chaud\\r\\nRincage dreches : 30 min pour chauffer 10L \u00e0 75", "recette": 2, "temperature_brassage": null, "resucrage": "7.0"}}, {"model": "brassin.brassin", "pk": 8, "fields": {"date_brassin": "2019-04-06", "date_mise_bouteille": "2019-05-15", "densite_avant_ebullition": "1.048", "densite_initiale": "1.061", "densite_finale": "1.016", "volume_empatage": "35.0", "volume_rincage_dreches": "20.0", "volume_mout": "50.0", "volume_cuve_fermentation": "48.0", "volume_starter": "0.0", "nombre_bouteilles": 52, "temps_empatage": "01:15:00", "temps_ebullition": "01:00:00", "temps_fermentation": null, "notes": "Pas d\u00e9bullition", "recette": 3, "temperature_brassage": null, "resucrage": "7.0"}}, {"model": "brassin.brassin", "pk": 9, "fields": {"date_brassin": "2019-05-25", "date_mise_bouteille": "2019-06-26", "densite_avant_ebullition": "1.074", "densite_initiale": "1.071", "densite_finale": "1.016", "volume_empatage": "35.0", "volume_rincage_dreches": "20.0", "volume_mout": "50.0", "volume_cuve_fermentation": "44.0", "volume_starter": "0.0", "nombre_bouteilles": 50, "temps_empatage": "01:15:00", "temps_ebullition": "01:30:00", "temps_fermentation": null, "notes": "Mont\u00e9e \u00e0 66\u00b0C : 28 min\\r\\nFiltration: 1h15\\r\\nMont\u00e9e \u00e0 100\u00b0C: 1h\\r\\nText ~20/25\u00b0C", "recette": 1, "temperature_brassage": null, "resucrage": "7.0"}}, {"model": "brassin.brassin", "pk": 10, "fields": {"date_brassin": "2019-07-16", "date_mise_bouteille": "2019-08-21", "densite_avant_ebullition": "1.061", "densite_initiale": "1.065", "densite_finale": "1.032", "volume_empatage": "35.0", "volume_rincage_dreches": "20.0", "volume_mout": "50.0", "volume_cuve_fermentation": "48.0", "volume_starter": "0.0", "nombre_bouteilles": 54, "temps_empatage": "01:15:00", "temps_ebullition": "01:30:00", "temps_fermentation": null, "notes": "Erreur de temp\u00e9rature de fermentation. 10 jours \u00e0 5\u00b0C", "recette": 1, "temperature_brassage": null, "resucrage": "7.0"}}, {"model": "brassin.brassin", "pk": 11, "fields": {"date_brassin": "2019-09-14", "date_mise_bouteille": "2019-10-10", "densite_avant_ebullition": "1.053", "densite_initiale": "1.057", "densite_finale": "1.012", "volume_empatage": "35.0", "volume_rincage_dreches": "20.0", "volume_mout": "39.0", "volume_cuve_fermentation": "39.0", "volume_starter": "0.0", "nombre_bouteilles": 49, "temps_empatage": "01:15:00", "temps_ebullition": "01:30:00", "temps_fermentation": null, "notes": "Oublie du sucre candy", "recette": 2, "temperature_brassage": null, "resucrage": "7.0"}}, {"model": "brassin.brassin", "pk": 12, "fields": {"date_brassin": "2019-10-11", "date_mise_bouteille": "2019-11-03", "densite_avant_ebullition": "1.087", "densite_initiale": "1.096", "densite_finale": "1.040", "volume_empatage": "20.0", "volume_rincage_dreches": "10.0", "volume_mout": "22.0", "volume_cuve_fermentation": "19.0", "volume_starter": "0.0", "nombre_bouteilles": 20, "temps_empatage": "01:15:00", "temps_ebullition": "01:30:00", "temps_fermentation": null, "notes": "", "recette": 3, "temperature_brassage": null, "resucrage": "7.0"}}, {"model": "brassin.brassin", "pk": 13, "fields": {"date_brassin": "2019-11-23", "date_mise_bouteille": "2019-12-13", "densite_avant_ebullition": "1.044", "densite_initiale": "1.063", "densite_finale": "1.036", "volume_empatage": "36.0", "volume_rincage_dreches": "21.0", "volume_mout": "52.0", "volume_cuve_fermentation": "42.5", "volume_starter": "1.3", "nombre_bouteilles": 51, "temps_empatage": "01:15:00", "temps_ebullition": "01:00:00", "temps_fermentation": null, "notes": "Essai avec du poivre 20min en fin d'\u00e9bulltion", "recette": 2, "temperature_brassage": null, "resucrage": "7.0"}}, {"model": "brassin.brassin", "pk": 23, "fields": {"date_brassin": "2020-01-18", "date_mise_bouteille": "2020-02-06", "densite_avant_ebullition": "1.048", "densite_initiale": "1.061", "densite_finale": "1.019", "volume_empatage": "35.0", "volume_rincage_dreches": "20.0", "volume_mout": "48.0", "volume_cuve_fermentation": "42.0", "volume_starter": "1.8", "nombre_bouteilles": 45, "temps_empatage": "01:15:00", "temps_ebullition": "01:30:00", "temps_fermentation": null, "notes": "", "recette": 4, "temperature_brassage": null, "resucrage": "7.0"}}, {"model": "brassin.brassin", "pk": 24, "fields": {"date_brassin": "2020-02-15", "date_mise_bouteille": "2020-03-15", "densite_avant_ebullition": "1.053", "densite_initiale": "1.059", "densite_finale": "1.012", "volume_empatage": "35.0", "volume_rincage_dreches": "22.0", "volume_mout": "42.0", "volume_cuve_fermentation": "42.0", "volume_starter": "0.0", "nombre_bouteilles": 44, "temps_empatage": "01:15:00", "temps_ebullition": "01:30:00", "temps_fermentation": null, "notes": "Beaucoup de d\u00e9p\u00f4ts a l'\u00e9bullition.\r\nFiltrage a la passoire mais pas complet (due a la mouture du grain?)\r\nLa mout n'\u00e9tait pas clair apr\u00e8s 3 passage de refiltrage.\r\nLevure prises directement sur le dernier brassin.\r\nAjout de 15g de m\u00e9lange 5 baies.\r\nHoublons 53g hersbrucker\r\n22 g golding", "recette": 4, "temperature_brassage": null, "resucrage": "7.0"}}, {"model": "brassin.brassin", "pk": 25, "fields": {"date_brassin": "2020-04-08", "date_mise_bouteille": "2020-05-13", "densite_avant_ebullition": "1.074", "densite_initiale": "1.065", "densite_finale": "1.012", "volume_empatage": "35.0", "volume_rincage_dreches": "22.0", "volume_mout": "45.0", "volume_cuve_fermentation": "43.0", "volume_starter": "0.0", "nombre_bouteilles": 48, "temps_empatage": "01:15:00", "temps_ebullition": "01:30:00", "temps_fermentation": null, "notes": "Un peu de d\u00e9p\u00f4ts a l'\u00e9bullition. Filtrage a la passoire mais pas complet . Levure prises directement sur le dernier brassin.", "recette": 4, "temperature_brassage": null, "resucrage": "7.0"}}, {"model": "brassin.brassin", "pk": 26, "fields": {"date_brassin": "2020-06-04", "date_mise_bouteille": "2020-06-23", "densite_avant_ebullition": "1.050", "densite_initiale": "1.057", "densite_finale": "1.014", "volume_empatage": "35.0", "volume_rincage_dreches": "20.0", "volume_mout": "45.0", "volume_cuve_fermentation": "42.0", "volume_starter": "0.0", "nombre_bouteilles": 50, "temps_empatage": "01:15:00", "temps_ebullition": "01:30:00", "temps_fermentation": null, "notes": "Grumeaux en fin d'\u00e9bullition, filtr\u00e9s.", "recette": 2, "temperature_brassage": null, "resucrage": "7.0"}}, {"model": "brassin.brassin", "pk": 27, "fields": {"date_brassin": "2020-06-24", "date_mise_bouteille": "2020-07-15", "densite_avant_ebullition": "1.048", "densite_initiale": "1.061", "densite_finale": "1.028", "volume_empatage": "35.0", "volume_rincage_dreches": "20.0", "volume_mout": "49.0", "volume_cuve_fermentation": "41.0", "volume_starter": "2.8", "nombre_bouteilles": 48, "temps_empatage": "01:15:00", "temps_ebullition": "01:30:00", "temps_fermentation": null, "notes": "Grumeaux filtr\u00e9s \u00e0 la passoire.", "recette": 4, "temperature_brassage": null, "resucrage": "7.0"}}, {"model": "brassin.brassin", "pk": 28, "fields": {"date_brassin": "2020-07-16", "date_mise_bouteille": "2020-08-11", "densite_avant_ebullition": "1.057", "densite_initiale": "1.065", "densite_finale": "1.020", "volume_empatage": "34.0", "volume_rincage_dreches": "20.0", "volume_mout": "38.0", "volume_cuve_fermentation": null, "volume_starter": "0.0", "nombre_bouteilles": 48, "temps_empatage": "01:15:00", "temps_ebullition": "01:30:00", "temps_fermentation": null, "notes": "Brassage \u00e0 70\u00b0C\r\nHoublons en pellets\r\n\r\nMise en bouteille avec seringue:\r\n6 bouteilles resucr\u00e9es au miel. (solution = 10 cl eau + 100g sucre + 50g de miel)\r\nAutres juste sucre (solution = 25 cl eau + 437g de sucre)\r\n\r\nAjout de 3mL de solution par bouteille", "recette": 3, "temperature_brassage": null, "resucrage": "7.0"}}, {"model": "brassin.brassin", "pk": 29, "fields": {"date_brassin": "2020-09-02", "date_mise_bouteille": null, "densite_avant_ebullition": "1.070", "densite_initiale": "1.070", "densite_finale": null, "volume_empatage": "44.0", "volume_rincage_dreches": "20.0", "volume_mout": "44.0", "volume_cuve_fermentation": null, "volume_starter": null, "nombre_bouteilles": null, "temps_empatage": "01:15:00", "temps_ebullition": "00:00:00", "temps_fermentation": null, "notes": "Brassin pour Whisky:\r\nPas d'\u00e9bullition.\r\n\r\nJet\u00e9, pas de whisky", "recette": null, "temperature_brassage": null, "resucrage": "7.0"}}, {"model": "brassin.brassin", "pk": 30, "fields": {"date_brassin": "2020-10-17", "date_mise_bouteille": null, "densite_avant_ebullition": "1.048", "densite_initiale": "1.072", "densite_finale": "1.032", "volume_empatage": "35.0", "volume_rincage_dreches": "20.0", "volume_mout": "48.0", "volume_cuve_fermentation": "48.0", "volume_starter": "1.6", "nombre_bouteilles": null, "temps_empatage": "01:15:00", "temps_ebullition": "01:30:00", "temps_fermentation": null, "notes": "Brassin contamin\u00e9.", "recette": 2, "temperature_brassage": null, "resucrage": "7.0"}}, {"model": "brassin.brassin", "pk": 31, "fields": {"date_brassin": "2020-10-29", "date_mise_bouteille": "2020-11-18", "densite_avant_ebullition": "1.057", "densite_initiale": "1.070", "densite_finale": "1.014", "volume_empatage": "35.0", "volume_rincage_dreches": "20.0", "volume_mout": "49.0", "volume_cuve_fermentation": "42.0", "volume_starter": "1.8", "nombre_bouteilles": 47, "temps_empatage": "01:15:00", "temps_ebullition": "01:30:00", "temps_fermentation": null, "notes": "", "recette": 2, "temperature_brassage": "66.0", "resucrage": "7.0"}}, {"model": "brassin.brassin", "pk": 32, "fields": {"date_brassin": "2020-11-19", "date_mise_bouteille": "2020-11-30", "densite_avant_ebullition": "1.040", "densite_initiale": "1.074", "densite_finale": "1.028", "volume_empatage": "15.0", "volume_rincage_dreches": "10.0", "volume_mout": "22.0", "volume_cuve_fermentation": "15.0", "volume_starter": null, "nombre_bouteilles": 16, "temps_empatage": "01:15:00", "temps_ebullition": "01:30:00", "temps_fermentation": null, "notes": "Fermentation instantann\u00e9e trop chaude (30\u00b0C), peut \u00eatre probl\u00e8me avec l'\u00e9changeur. Re ensemenscement le soir.\r\n\r\n100g de sarrasin + 100g d'\u00e9pautre\r\n\r\nfermentation: 20g houblon en dry hopping\r\n\r\nSirop de sucre: 120g de sucre + 15 g de gingembre", "recette": null, "temperature_brassage": "68.0", "resucrage": null}}, {"model": "brassin.brassin", "pk": 33, "fields": {"date_brassin": "2020-11-25", "date_mise_bouteille": "2020-12-14", "densite_avant_ebullition": "1.063", "densite_initiale": "1.070", "densite_finale": "1.020", "volume_empatage": "35.0", "volume_rincage_dreches": "20.0", "volume_mout": "52.0", "volume_cuve_fermentation": "41.0", "volume_starter": null, "nombre_bouteilles": 49, "temps_empatage": "01:15:00", "temps_ebullition": "01:30:00", "temps_fermentation": null, "notes": "", "recette": 4, "temperature_brassage": "66.0", "resucrage": "7.0"}}, {"model": "brassin.brassin", "pk": 34, "fields": {"date_brassin": "2020-12-22", "date_mise_bouteille": "2021-01-15", "densite_avant_ebullition": "1.065", "densite_initiale": "1.072", "densite_finale": "1.020", "volume_empatage": "35.0", "volume_rincage_dreches": "20.0", "volume_mout": "50.0", "volume_cuve_fermentation": "49.0", "volume_starter": "2.0", "nombre_bouteilles": 48, "temps_empatage": "01:15:00", "temps_ebullition": "01:30:00", "temps_fermentation": null, "notes": "", "recette": 1, "temperature_brassage": "66.0", "resucrage": null}}, {"model": "brassin.brassin", "pk": 35, "fields": {"date_brassin": "2021-02-04", "date_mise_bouteille": "2021-02-27", "densite_avant_ebullition": "1.059", "densite_initiale": "1.070", "densite_finale": "1.016", "volume_empatage": "35.0", "volume_rincage_dreches": "20.0", "volume_mout": "50.0", "volume_cuve_fermentation": "43.0", "volume_starter": "1.7", "nombre_bouteilles": 48, "temps_empatage": "01:15:00", "temps_ebullition": "01:30:00", "temps_fermentation": null, "notes": "Pas de barbotage mais fermentation -> fuite ?", "recette": 2, "temperature_brassage": "66.0", "resucrage": null}}, {"model": "brassin.brassin_ingredient", "pk": 12, "fields": {"brassin": 3, "ingredient": 10, "quantite": "8.5000", "temps_infusion": null, "achete": true}}, {"model": "brassin.brassin_ingredient", "pk": 13, "fields": {"brassin": 3, "ingredient": 9, "quantite": "0.4000", "temps_infusion": null, "achete": true}}, {"model": "brassin.brassin_ingredient", "pk": 14, "fields": {"brassin": 3, "ingredient": 8, "quantite": "1.0000", "temps_infusion": null, "achete": true}}, {"model": "brassin.brassin_ingredient", "pk": 27, "fields": {"brassin": 1, "ingredient": 6, "quantite": "4.0000", "temps_infusion": null, "achete": true}}, {"model": "brassin.brassin_ingredient", "pk": 29, "fields": {"brassin": 2, "ingredient": 6, "quantite": "4.0000", "temps_infusion": null, "achete": true}}, {"model": "brassin.brassin_ingredient", "pk": 30, "fields": {"brassin": 2, "ingredient": 7, "quantite": "0.5580", "temps_infusion": null, "achete": true}}, {"model": "brassin.brassin_ingredient", "pk": 31, "fields": {"brassin": 2, "ingredient": 8, "quantite": "0.1540", "temps_infusion": null, "achete": true}}, {"model": "brassin.brassin_ingredient", "pk": 32, "fields": {"brassin": 4, "ingredient": 6, "quantite": "9.3500", "temps_infusion": null, "achete": true}}, {"model": "brassin.brassin_ingredient", "pk": 34, "fields": {"brassin": 4, "ingredient": 8, "quantite": "1.3200", "temps_infusion": null, "achete": true}}, {"model": "brassin.brassin_ingredient", "pk": 35, "fields": {"brassin": 4, "ingredient": 7, "quantite": "0.3300", "temps_infusion": null, "achete": true}}, {"model": "brassin.brassin_ingredient", "pk": 36, "fields": {"brassin": 5, "ingredient": 6, "quantite": "7.6500", "temps_infusion": null, "achete": true}}, {"model": "brassin.brassin_ingredient", "pk": 37, "fields": {"brassin": 5, "ingredient": 7, "quantite": "0.2300", "temps_infusion": null, "achete": true}}, {"model": "brassin.brassin_ingredient", "pk": 38, "fields": {"brassin": 5, "ingredient": 8, "quantite": "1.0000", "temps_infusion": null, "achete": true}}, {"model": "brassin.brassin_ingredient", "pk": 39, "fields": {"brassin": 6, "ingredient": 10, "quantite": "8.5000", "temps_infusion": null, "achete": true}}, {"model": "brassin.brassin_ingredient", "pk": 40, "fields": {"brassin": 6, "ingredient": 9, "quantite": "0.4000", "temps_infusion": null, "achete": true}}, {"model": "brassin.brassin_ingredient", "pk": 41, "fields": {"brassin": 6, "ingredient": 8, "quantite": "1.0000", "temps_infusion": null, "achete": true}}, {"model": "brassin.brassin_ingredient", "pk": 42, "fields": {"brassin": 7, "ingredient": 10, "quantite": "8.5000", "temps_infusion": null, "achete": true}}, {"model": "brassin.brassin_ingredient", "pk": 43, "fields": {"brassin": 7, "ingredient": 8, "quantite": "1.0000", "temps_infusion": null, "achete": true}}, {"model": "brassin.brassin_ingredient", "pk": 44, "fields": {"brassin": 7, "ingredient": 9, "quantite": "0.4000", "temps_infusion": null, "achete": true}}, {"model": "brassin.brassin_ingredient", "pk": 48, "fields": {"brassin": 1, "ingredient": 15, "quantite": "0.0100", "temps_infusion": "01:30:00", "achete": true}}, {"model": "brassin.brassin_ingredient", "pk": 49, "fields": {"brassin": 2, "ingredient": 15, "quantite": "0.0330", "temps_infusion": "01:30:00", "achete": true}}, {"model": "brassin.brassin_ingredient", "pk": 50, "fields": {"brassin": 3, "ingredient": 16, "quantite": "0.0440", "temps_infusion": "01:15:00", "achete": true}}, {"model": "brassin.brassin_ingredient", "pk": 51, "fields": {"brassin": 3, "ingredient": 14, "quantite": "0.0460", "temps_infusion": "00:35:00", "achete": true}}, {"model": "brassin.brassin_ingredient", "pk": 52, "fields": {"brassin": 4, "ingredient": 15, "quantite": "0.0100", "temps_infusion": "00:15:00", "achete": true}}, {"model": "brassin.brassin_ingredient", "pk": 53, "fields": {"brassin": 4, "ingredient": 15, "quantite": "0.0300", "temps_infusion": "01:15:00", "achete": true}}, {"model": "brassin.brassin_ingredient", "pk": 54, "fields": {"brassin": 5, "ingredient": 15, "quantite": "0.0230", "temps_infusion": "00:40:00", "achete": true}}, {"model": "brassin.brassin_ingredient", "pk": 55, "fields": {"brassin": 5, "ingredient": 15, "quantite": "0.0080", "temps_infusion": "01:15:00", "achete": true}}, {"model": "brassin.brassin_ingredient", "pk": 56, "fields": {"brassin": 6, "ingredient": 16, "quantite": "0.0450", "temps_infusion": "01:15:00", "achete": true}}, {"model": "brassin.brassin_ingredient", "pk": 57, "fields": {"brassin": 6, "ingredient": 14, "quantite": "0.0450", "temps_infusion": "00:15:00", "achete": true}}, {"model": "brassin.brassin_ingredient", "pk": 58, "fields": {"brassin": 7, "ingredient": 16, "quantite": "0.0450", "temps_infusion": "01:15:00", "achete": true}}, {"model": "brassin.brassin_ingredient", "pk": 59, "fields": {"brassin": 7, "ingredient": 14, "quantite": "0.0450", "temps_infusion": "00:15:00", "achete": true}}, {"model": "brassin.brassin_ingredient", "pk": 64, "fields": {"brassin": 3, "ingredient": 2, "quantite": "1.0000", "temps_infusion": null, "achete": true}}, {"model": "brassin.brassin_ingredient", "pk": 65, "fields": {"brassin": 3, "ingredient": 4, "quantite": "0.0014", "temps_infusion": null, "achete": true}}, {"model": "brassin.brassin_ingredient", "pk": 66, "fields": {"brassin": 4, "ingredient": 3, "quantite": "0.0010", "temps_infusion": "00:10:00", "achete": true}}, {"model": "brassin.brassin_ingredient", "pk": 67, "fields": {"brassin": 5, "ingredient": 3, "quantite": "0.0010", "temps_infusion": "00:10:00", "achete": true}}, {"model": "brassin.brassin_ingredient", "pk": 68, "fields": {"brassin": 6, "ingredient": 2, "quantite": "0.5000", "temps_infusion": null, "achete": true}}, {"model": "brassin.brassin_ingredient", "pk": 69, "fields": {"brassin": 7, "ingredient": 2, "quantite": "0.5000", "temps_infusion": null, "achete": true}}, {"model": "brassin.brassin_ingredient", "pk": 73, "fields": {"brassin": 10, "ingredient": 6, "quantite": "9.4000", "temps_infusion": null, "achete": true}}, {"model": "brassin.brassin_ingredient", "pk": 74, "fields": {"brassin": 10, "ingredient": 7, "quantite": "0.4000", "temps_infusion": null, "achete": true}}, {"model": "brassin.brassin_ingredient", "pk": 75, "fields": {"brassin": 10, "ingredient": 8, "quantite": "1.2000", "temps_infusion": null, "achete": true}}, {"model": "brassin.brassin_ingredient", "pk": 76, "fields": {"brassin": 10, "ingredient": 3, "quantite": "0.0010", "temps_infusion": "00:15:00", "achete": true}}, {"model": "brassin.brassin_ingredient", "pk": 77, "fields": {"brassin": 10, "ingredient": 17, "quantite": "0.0300", "temps_infusion": "01:30:00", "achete": true}}, {"model": "brassin.brassin_ingredient", "pk": 79, "fields": {"brassin": 11, "ingredient": 10, "quantite": "8.5000", "temps_infusion": null, "achete": true}}, {"model": "brassin.brassin_ingredient", "pk": 80, "fields": {"brassin": 11, "ingredient": 8, "quantite": "1.0000", "temps_infusion": null, "achete": true}}, {"model": "brassin.brassin_ingredient", "pk": 81, "fields": {"brassin": 11, "ingredient": 9, "quantite": "0.4000", "temps_infusion": null, "achete": true}}, {"model": "brassin.brassin_ingredient", "pk": 82, "fields": {"brassin": 11, "ingredient": 1, "quantite": "0.0150", "temps_infusion": null, "achete": true}}, {"model": "brassin.brassin_ingredient", "pk": 83, "fields": {"brassin": 11, "ingredient": 16, "quantite": "0.0350", "temps_infusion": "01:30:00", "achete": true}}, {"model": "brassin.brassin_ingredient", "pk": 84, "fields": {"brassin": 11, "ingredient": 14, "quantite": "0.0350", "temps_infusion": "01:30:00", "achete": true}}, {"model": "brassin.brassin_ingredient", "pk": 85, "fields": {"brassin": 11, "ingredient": 14, "quantite": "0.0100", "temps_infusion": "00:15:00", "achete": true}}, {"model": "brassin.brassin_ingredient", "pk": 86, "fields": {"brassin": 11, "ingredient": 16, "quantite": "0.0100", "temps_infusion": "00:15:00", "achete": true}}, {"model": "brassin.brassin_ingredient", "pk": 87, "fields": {"brassin": 11, "ingredient": 4, "quantite": "0.0100", "temps_infusion": "00:15:00", "achete": true}}, {"model": "brassin.brassin_ingredient", "pk": 88, "fields": {"brassin": 1, "ingredient": 18, "quantite": "1.0000", "temps_infusion": null, "achete": true}}, {"model": "brassin.brassin_ingredient", "pk": 89, "fields": {"brassin": 2, "ingredient": 18, "quantite": "1.0000", "temps_infusion": null, "achete": true}}, {"model": "brassin.brassin_ingredient", "pk": 90, "fields": {"brassin": 3, "ingredient": 19, "quantite": "1.0000", "temps_infusion": null, "achete": true}}, {"model": "brassin.brassin_ingredient", "pk": 91, "fields": {"brassin": 4, "ingredient": 18, "quantite": "1.0000", "temps_infusion": null, "achete": true}}, {"model": "brassin.brassin_ingredient", "pk": 92, "fields": {"brassin": 5, "ingredient": 18, "quantite": "1.0000", "temps_infusion": null, "achete": false}}, {"model": "brassin.brassin_ingredient", "pk": 93, "fields": {"brassin": 6, "ingredient": 19, "quantite": "1.0000", "temps_infusion": null, "achete": true}}, {"model": "brassin.brassin_ingredient", "pk": 94, "fields": {"brassin": 7, "ingredient": 19, "quantite": "1.0000", "temps_infusion": null, "achete": false}}, {"model": "brassin.brassin_ingredient", "pk": 98, "fields": {"brassin": 10, "ingredient": 18, "quantite": "1.0000", "temps_infusion": null, "achete": true}}, {"model": "brassin.brassin_ingredient", "pk": 99, "fields": {"brassin": 11, "ingredient": 19, "quantite": "1.0000", "temps_infusion": null, "achete": true}}, {"model": "brassin.brassin_ingredient", "pk": 101, "fields": {"brassin": 8, "ingredient": 6, "quantite": "8.8000", "temps_infusion": null, "achete": true}}, {"model": "brassin.brassin_ingredient", "pk": 102, "fields": {"brassin": 8, "ingredient": 11, "quantite": "0.5500", "temps_infusion": null, "achete": true}}, {"model": "brassin.brassin_ingredient", "pk": 103, "fields": {"brassin": 8, "ingredient": 12, "quantite": "0.5500", "temps_infusion": null, "achete": true}}, {"model": "brassin.brassin_ingredient", "pk": 104, "fields": {"brassin": 8, "ingredient": 13, "quantite": "0.6600", "temps_infusion": null, "achete": true}}, {"model": "brassin.brassin_ingredient", "pk": 105, "fields": {"brassin": 8, "ingredient": 1, "quantite": "0.4400", "temps_infusion": null, "achete": true}}, {"model": "brassin.brassin_ingredient", "pk": 106, "fields": {"brassin": 8, "ingredient": 17, "quantite": "0.0400", "temps_infusion": "01:30:00", "achete": true}}, {"model": "brassin.brassin_ingredient", "pk": 107, "fields": {"brassin": 8, "ingredient": 5, "quantite": "0.0300", "temps_infusion": "00:10:00", "achete": true}}, {"model": "brassin.brassin_ingredient", "pk": 108, "fields": {"brassin": 8, "ingredient": 20, "quantite": "1.0000", "temps_infusion": null, "achete": true}}, {"model": "brassin.brassin_ingredient", "pk": 109, "fields": {"brassin": 9, "ingredient": 6, "quantite": "9.4000", "temps_infusion": null, "achete": true}}, {"model": "brassin.brassin_ingredient", "pk": 110, "fields": {"brassin": 9, "ingredient": 7, "quantite": "0.4000", "temps_infusion": null, "achete": true}}, {"model": "brassin.brassin_ingredient", "pk": 111, "fields": {"brassin": 9, "ingredient": 8, "quantite": "1.2000", "temps_infusion": null, "achete": true}}, {"model": "brassin.brassin_ingredient", "pk": 112, "fields": {"brassin": 9, "ingredient": 15, "quantite": "0.0200", "temps_infusion": "01:30:00", "achete": true}}, {"model": "brassin.brassin_ingredient", "pk": 113, "fields": {"brassin": 9, "ingredient": 17, "quantite": "0.0100", "temps_infusion": "01:30:00", "achete": true}}, {"model": "brassin.brassin_ingredient", "pk": 114, "fields": {"brassin": 9, "ingredient": 3, "quantite": "0.0010", "temps_infusion": "00:15:00", "achete": true}}, {"model": "brassin.brassin_ingredient", "pk": 115, "fields": {"brassin": 9, "ingredient": 18, "quantite": "1.0000", "temps_infusion": null, "achete": true}}, {"model": "brassin.brassin_ingredient", "pk": 124, "fields": {"brassin": 12, "ingredient": 19, "quantite": "1.0000", "temps_infusion": null, "achete": false}}, {"model": "brassin.brassin_ingredient", "pk": 125, "fields": {"brassin": 12, "ingredient": 6, "quantite": "6.0000", "temps_infusion": "01:30:00", "achete": true}}, {"model": "brassin.brassin_ingredient", "pk": 126, "fields": {"brassin": 12, "ingredient": 11, "quantite": "0.4000", "temps_infusion": "01:30:00", "achete": true}}, {"model": "brassin.brassin_ingredient", "pk": 127, "fields": {"brassin": 12, "ingredient": 12, "quantite": "0.4000", "temps_infusion": "01:30:00", "achete": true}}, {"model": "brassin.brassin_ingredient", "pk": 128, "fields": {"brassin": 12, "ingredient": 13, "quantite": "0.3200", "temps_infusion": "01:30:00", "achete": true}}, {"model": "brassin.brassin_ingredient", "pk": 129, "fields": {"brassin": 12, "ingredient": 1, "quantite": "0.6400", "temps_infusion": "01:30:00", "achete": true}}, {"model": "brassin.brassin_ingredient", "pk": 130, "fields": {"brassin": 12, "ingredient": 17, "quantite": "0.0250", "temps_infusion": "01:30:00", "achete": true}}, {"model": "brassin.brassin_ingredient", "pk": 132, "fields": {"brassin": 12, "ingredient": 5, "quantite": "0.0100", "temps_infusion": "00:10:00", "achete": true}}, {"model": "brassin.brassin_ingredient", "pk": 134, "fields": {"brassin": 12, "ingredient": 21, "quantite": "0.2400", "temps_infusion": "01:30:00", "achete": true}}, {"model": "brassin.brassin_ingredient", "pk": 137, "fields": {"brassin": 13, "ingredient": 9, "quantite": "0.4200", "temps_infusion": "01:30:00", "achete": true}}, {"model": "brassin.brassin_ingredient", "pk": 139, "fields": {"brassin": 13, "ingredient": 8, "quantite": "1.0500", "temps_infusion": "01:30:00", "achete": true}}, {"model": "brassin.brassin_ingredient", "pk": 140, "fields": {"brassin": 13, "ingredient": 14, "quantite": "0.0350", "temps_infusion": "01:00:00", "achete": true}}, {"model": "brassin.brassin_ingredient", "pk": 141, "fields": {"brassin": 13, "ingredient": 16, "quantite": "0.0350", "temps_infusion": "01:00:00", "achete": true}}, {"model": "brassin.brassin_ingredient", "pk": 142, "fields": {"brassin": 13, "ingredient": 14, "quantite": "0.0100", "temps_infusion": "00:20:00", "achete": true}}, {"model": "brassin.brassin_ingredient", "pk": 143, "fields": {"brassin": 13, "ingredient": 16, "quantite": "0.0100", "temps_infusion": "00:20:00", "achete": true}}, {"model": "brassin.brassin_ingredient", "pk": 144, "fields": {"brassin": 13, "ingredient": 4, "quantite": "0.0200", "temps_infusion": "00:20:00", "achete": true}}, {"model": "brassin.brassin_ingredient", "pk": 145, "fields": {"brassin": 13, "ingredient": 2, "quantite": "0.7000", "temps_infusion": "00:20:00", "achete": true}}, {"model": "brassin.brassin_ingredient", "pk": 146, "fields": {"brassin": 13, "ingredient": 22, "quantite": "0.0200", "temps_infusion": "01:30:00", "achete": true}}, {"model": "brassin.brassin_ingredient", "pk": 147, "fields": {"brassin": 13, "ingredient": 19, "quantite": "0.1000", "temps_infusion": "01:30:00", "achete": true}}, {"model": "brassin.brassin_ingredient", "pk": 155, "fields": {"brassin": 13, "ingredient": 10, "quantite": "9.0300", "temps_infusion": "01:30:00", "achete": true}}, {"model": "brassin.brassin_ingredient", "pk": 156, "fields": {"brassin": 23, "ingredient": 10, "quantite": "10.0000", "temps_infusion": "01:30:00", "achete": true}}, {"model": "brassin.brassin_ingredient", "pk": 157, "fields": {"brassin": 23, "ingredient": 21, "quantite": "0.2100", "temps_infusion": "01:30:00", "achete": true}}, {"model": "brassin.brassin_ingredient", "pk": 158, "fields": {"brassin": 23, "ingredient": 23, "quantite": "0.3200", "temps_infusion": "01:30:00", "achete": true}}, {"model": "brassin.brassin_ingredient", "pk": 159, "fields": {"brassin": 23, "ingredient": 19, "quantite": "1.0000", "temps_infusion": "01:30:00", "achete": true}}, {"model": "brassin.brassin_ingredient", "pk": 177, "fields": {"brassin": 23, "ingredient": 2, "quantite": "0.5000", "temps_infusion": "01:30:00", "achete": true}}, {"model": "brassin.brassin_ingredient", "pk": 178, "fields": {"brassin": 23, "ingredient": 24, "quantite": "0.0250", "temps_infusion": "01:30:00", "achete": true}}, {"model": "brassin.brassin_ingredient", "pk": 180, "fields": {"brassin": 23, "ingredient": 17, "quantite": "0.0800", "temps_infusion": "01:30:00", "achete": true}}, {"model": "brassin.brassin_ingredient", "pk": 182, "fields": {"brassin": 24, "ingredient": 10, "quantite": "10.0000", "temps_infusion": "01:30:00", "achete": true}}, {"model": "brassin.brassin_ingredient", "pk": 183, "fields": {"brassin": 24, "ingredient": 23, "quantite": "0.3200", "temps_infusion": "01:30:00", "achete": true}}, {"model": "brassin.brassin_ingredient", "pk": 184, "fields": {"brassin": 24, "ingredient": 21, "quantite": "0.2100", "temps_infusion": "01:30:00", "achete": true}}, {"model": "brassin.brassin_ingredient", "pk": 185, "fields": {"brassin": 24, "ingredient": 15, "quantite": "0.0220", "temps_infusion": "01:30:00", "achete": true}}, {"model": "brassin.brassin_ingredient", "pk": 186, "fields": {"brassin": 24, "ingredient": 14, "quantite": "0.0530", "temps_infusion": "01:30:00", "achete": true}}, {"model": "brassin.brassin_ingredient", "pk": 187, "fields": {"brassin": 24, "ingredient": 2, "quantite": "0.5000", "temps_infusion": "01:30:00", "achete": true}}, {"model": "brassin.brassin_ingredient", "pk": 188, "fields": {"brassin": 24, "ingredient": 22, "quantite": "0.0150", "temps_infusion": "01:30:00", "achete": true}}, {"model": "brassin.brassin_ingredient", "pk": 189, "fields": {"brassin": 24, "ingredient": 24, "quantite": "0.0200", "temps_infusion": "01:30:00", "achete": true}}, {"model": "brassin.brassin_ingredient", "pk": 190, "fields": {"brassin": 25, "ingredient": 10, "quantite": "10.0000", "temps_infusion": "01:30:00", "achete": true}}, {"model": "brassin.brassin_ingredient", "pk": 191, "fields": {"brassin": 26, "ingredient": 6, "quantite": "9.0000", "temps_infusion": "01:30:00", "achete": true}}, {"model": "brassin.brassin_ingredient", "pk": 193, "fields": {"brassin": 26, "ingredient": 9, "quantite": "0.5000", "temps_infusion": "01:30:00", "achete": true}}, {"model": "brassin.brassin_ingredient", "pk": 194, "fields": {"brassin": 26, "ingredient": 8, "quantite": "1.0000", "temps_infusion": "01:30:00", "achete": true}}, {"model": "brassin.brassin_ingredient", "pk": 196, "fields": {"brassin": 26, "ingredient": 4, "quantite": "0.1000", "temps_infusion": "01:30:00", "achete": true}}, {"model": "brassin.brassin_ingredient", "pk": 197, "fields": {"brassin": 26, "ingredient": 22, "quantite": "0.1000", "temps_infusion": "01:30:00", "achete": true}}, {"model": "brassin.brassin_ingredient", "pk": 199, "fields": {"brassin": 26, "ingredient": 2, "quantite": "0.5000", "temps_infusion": "01:30:00", "achete": true}}, {"model": "brassin.brassin_ingredient", "pk": 200, "fields": {"brassin": 25, "ingredient": 21, "quantite": "0.2100", "temps_infusion": "01:30:00", "achete": true}}, {"model": "brassin.brassin_ingredient", "pk": 201, "fields": {"brassin": 25, "ingredient": 23, "quantite": "0.3200", "temps_infusion": "01:30:00", "achete": true}}, {"model": "brassin.brassin_ingredient", "pk": 202, "fields": {"brassin": 25, "ingredient": 15, "quantite": "0.0800", "temps_infusion": "01:30:00", "achete": true}}, {"model": "brassin.brassin_ingredient", "pk": 205, "fields": {"brassin": 24, "ingredient": 19, "quantite": "1.0000", "temps_infusion": "01:30:00", "achete": false}}, {"model": "brassin.brassin_ingredient", "pk": 206, "fields": {"brassin": 25, "ingredient": 2, "quantite": "0.5000", "temps_infusion": "01:30:00", "achete": true}}, {"model": "brassin.brassin_ingredient", "pk": 208, "fields": {"brassin": 25, "ingredient": 24, "quantite": "0.0250", "temps_infusion": "01:30:00", "achete": true}}, {"model": "brassin.brassin_ingredient", "pk": 209, "fields": {"brassin": 26, "ingredient": 16, "quantite": "0.0350", "temps_infusion": "01:30:00", "achete": true}}, {"model": "brassin.brassin_ingredient", "pk": 210, "fields": {"brassin": 26, "ingredient": 16, "quantite": "0.0100", "temps_infusion": "00:15:00", "achete": true}}, {"model": "brassin.brassin_ingredient", "pk": 211, "fields": {"brassin": 25, "ingredient": 19, "quantite": "1.0000", "temps_infusion": "01:30:00", "achete": false}}, {"model": "brassin.brassin_ingredient", "pk": 212, "fields": {"brassin": 25, "ingredient": 26, "quantite": "0.0100", "temps_infusion": "01:30:00", "achete": true}}, {"model": "brassin.brassin_ingredient", "pk": 213, "fields": {"brassin": 27, "ingredient": 10, "quantite": "10.0000", "temps_infusion": "01:30:00", "achete": true}}, {"model": "brassin.brassin_ingredient", "pk": 214, "fields": {"brassin": 27, "ingredient": 21, "quantite": "0.2100", "temps_infusion": "01:30:00", "achete": true}}, {"model": "brassin.brassin_ingredient", "pk": 215, "fields": {"brassin": 27, "ingredient": 23, "quantite": "0.3200", "temps_infusion": "01:30:00", "achete": true}}, {"model": "brassin.brassin_ingredient", "pk": 216, "fields": {"brassin": 27, "ingredient": 2, "quantite": "0.3000", "temps_infusion": "01:30:00", "achete": true}}, {"model": "brassin.brassin_ingredient", "pk": 217, "fields": {"brassin": 27, "ingredient": 24, "quantite": "0.0250", "temps_infusion": "01:30:00", "achete": true}}, {"model": "brassin.brassin_ingredient", "pk": 218, "fields": {"brassin": 27, "ingredient": 17, "quantite": "0.0500", "temps_infusion": "01:30:00", "achete": true}}, {"model": "brassin.brassin_ingredient", "pk": 219, "fields": {"brassin": 27, "ingredient": 17, "quantite": "0.0300", "temps_infusion": "00:15:00", "achete": true}}, {"model": "brassin.brassin_ingredient", "pk": 226, "fields": {"brassin": 28, "ingredient": 19, "quantite": "1.0000", "temps_infusion": "01:30:00", "achete": false}}, {"model": "brassin.brassin_ingredient", "pk": 227, "fields": {"brassin": 28, "ingredient": 25, "quantite": "0.0500", "temps_infusion": "01:30:00", "achete": true}}, {"model": "brassin.brassin_ingredient", "pk": 228, "fields": {"brassin": 28, "ingredient": 5, "quantite": "0.0160", "temps_infusion": "01:30:00", "achete": true}}, {"model": "brassin.brassin_ingredient", "pk": 229, "fields": {"brassin": 28, "ingredient": 6, "quantite": "9.2000", "temps_infusion": "01:30:00", "achete": true}}, {"model": "brassin.brassin_ingredient", "pk": 230, "fields": {"brassin": 28, "ingredient": 11, "quantite": "0.6000", "temps_infusion": "01:30:00", "achete": true}}, {"model": "brassin.brassin_ingredient", "pk": 231, "fields": {"brassin": 28, "ingredient": 12, "quantite": "0.6000", "temps_infusion": "01:30:00", "achete": true}}, {"model": "brassin.brassin_ingredient", "pk": 233, "fields": {"brassin": 28, "ingredient": 13, "quantite": "0.4800", "temps_infusion": "01:30:00", "achete": true}}, {"model": "brassin.brassin_ingredient", "pk": 234, "fields": {"brassin": 28, "ingredient": 21, "quantite": "0.3200", "temps_infusion": "01:30:00", "achete": true}}, {"model": "brassin.brassin_ingredient", "pk": 235, "fields": {"brassin": 29, "ingredient": 6, "quantite": "9.0000", "temps_infusion": "01:30:00", "achete": true}}, {"model": "brassin.brassin_ingredient", "pk": 236, "fields": {"brassin": 29, "ingredient": 11, "quantite": "0.4000", "temps_infusion": "01:30:00", "achete": true}}, {"model": "brassin.brassin_ingredient", "pk": 237, "fields": {"brassin": 29, "ingredient": 12, "quantite": "0.4000", "temps_infusion": "01:30:00", "achete": true}}, {"model": "brassin.brassin_ingredient", "pk": 238, "fields": {"brassin": 29, "ingredient": 13, "quantite": "0.3800", "temps_infusion": "01:30:00", "achete": true}}, {"model": "brassin.brassin_ingredient", "pk": 239, "fields": {"brassin": 29, "ingredient": 21, "quantite": "1.0000", "temps_infusion": "01:30:00", "achete": true}}, {"model": "brassin.brassin_ingredient", "pk": 240, "fields": {"brassin": 29, "ingredient": 19, "quantite": "1.0000", "temps_infusion": "01:30:00", "achete": false}}, {"model": "brassin.brassin_ingredient", "pk": 242, "fields": {"brassin": 30, "ingredient": 6, "quantite": "9.0000", "temps_infusion": "01:30:00", "achete": true}}, {"model": "brassin.brassin_ingredient", "pk": 243, "fields": {"brassin": 30, "ingredient": 9, "quantite": "0.4200", "temps_infusion": "01:30:00", "achete": true}}, {"model": "brassin.brassin_ingredient", "pk": 244, "fields": {"brassin": 30, "ingredient": 8, "quantite": "1.0000", "temps_infusion": "01:30:00", "achete": true}}, {"model": "brassin.brassin_ingredient", "pk": 245, "fields": {"brassin": 30, "ingredient": 19, "quantite": "1.0000", "temps_infusion": "01:30:00", "achete": false}}, {"model": "brassin.brassin_ingredient", "pk": 246, "fields": {"brassin": 30, "ingredient": 16, "quantite": "0.0350", "temps_infusion": "01:30:00", "achete": true}}, {"model": "brassin.brassin_ingredient", "pk": 247, "fields": {"brassin": 30, "ingredient": 14, "quantite": "0.0350", "temps_infusion": "01:30:00", "achete": true}}, {"model": "brassin.brassin_ingredient", "pk": 249, "fields": {"brassin": 30, "ingredient": 14, "quantite": "0.0100", "temps_infusion": "00:15:00", "achete": true}}, {"model": "brassin.brassin_ingredient", "pk": 250, "fields": {"brassin": 30, "ingredient": 16, "quantite": "0.0100", "temps_infusion": "00:15:00", "achete": true}}, {"model": "brassin.brassin_ingredient", "pk": 251, "fields": {"brassin": 30, "ingredient": 4, "quantite": "0.0150", "temps_infusion": "01:30:00", "achete": true}}, {"model": "brassin.brassin_ingredient", "pk": 252, "fields": {"brassin": 30, "ingredient": 2, "quantite": "0.5000", "temps_infusion": "01:30:00", "achete": true}}, {"model": "brassin.brassin_ingredient", "pk": 253, "fields": {"brassin": 31, "ingredient": 6, "quantite": "9.0000", "temps_infusion": "01:30:00", "achete": true}}, {"model": "brassin.brassin_ingredient", "pk": 254, "fields": {"brassin": 31, "ingredient": 8, "quantite": "1.0000", "temps_infusion": "01:30:00", "achete": true}}, {"model": "brassin.brassin_ingredient", "pk": 255, "fields": {"brassin": 31, "ingredient": 9, "quantite": "0.4200", "temps_infusion": "01:30:00", "achete": true}}, {"model": "brassin.brassin_ingredient", "pk": 256, "fields": {"brassin": 31, "ingredient": 2, "quantite": "0.5000", "temps_infusion": "01:30:00", "achete": true}}, {"model": "brassin.brassin_ingredient", "pk": 257, "fields": {"brassin": 31, "ingredient": 16, "quantite": "0.0500", "temps_infusion": "01:30:00", "achete": true}}, {"model": "brassin.brassin_ingredient", "pk": 258, "fields": {"brassin": 31, "ingredient": 16, "quantite": "0.0500", "temps_infusion": "00:15:00", "achete": true}}, {"model": "brassin.brassin_ingredient", "pk": 259, "fields": {"brassin": 31, "ingredient": 14, "quantite": "0.0500", "temps_infusion": "01:30:00", "achete": true}}, {"model": "brassin.brassin_ingredient", "pk": 260, "fields": {"brassin": 31, "ingredient": 4, "quantite": "0.0080", "temps_infusion": "01:30:00", "achete": true}}, {"model": "brassin.brassin_ingredient", "pk": 261, "fields": {"brassin": 31, "ingredient": 24, "quantite": "0.0200", "temps_infusion": "01:30:00", "achete": true}}, {"model": "brassin.brassin_ingredient", "pk": 262, "fields": {"brassin": 31, "ingredient": 19, "quantite": "1.0000", "temps_infusion": "01:30:00", "achete": true}}, {"model": "brassin.brassin_ingredient", "pk": 263, "fields": {"brassin": 31, "ingredient": 28, "quantite": "0.2000", "temps_infusion": "01:30:00", "achete": true}}, {"model": "brassin.brassin_ingredient", "pk": 266, "fields": {"brassin": 1, "ingredient": 8, "quantite": "0.9160", "temps_infusion": "01:30:00", "achete": true}}, {"model": "brassin.brassin_ingredient", "pk": 270, "fields": {"brassin": 32, "ingredient": 13, "quantite": "0.2500", "temps_infusion": "01:30:00", "achete": true}}, {"model": "brassin.brassin_ingredient", "pk": 271, "fields": {"brassin": 32, "ingredient": 21, "quantite": "0.1000", "temps_infusion": "01:30:00", "achete": true}}, {"model": "brassin.brassin_ingredient", "pk": 273, "fields": {"brassin": 32, "ingredient": 23, "quantite": "0.2500", "temps_infusion": "01:30:00", "achete": true}}, {"model": "brassin.brassin_ingredient", "pk": 274, "fields": {"brassin": 32, "ingredient": 10, "quantite": "3.2500", "temps_infusion": "01:30:00", "achete": true}}, {"model": "brassin.brassin_ingredient", "pk": 280, "fields": {"brassin": 32, "ingredient": 11, "quantite": "0.0500", "temps_infusion": "01:30:00", "achete": true}}, {"model": "brassin.brassin_ingredient", "pk": 282, "fields": {"brassin": 32, "ingredient": 7, "quantite": "0.1000", "temps_infusion": "01:30:00", "achete": true}}, {"model": "brassin.brassin_ingredient", "pk": 283, "fields": {"brassin": 32, "ingredient": 8, "quantite": "0.1600", "temps_infusion": "01:30:00", "achete": true}}, {"model": "brassin.brassin_ingredient", "pk": 284, "fields": {"brassin": 32, "ingredient": 9, "quantite": "0.2000", "temps_infusion": "01:30:00", "achete": true}}, {"model": "brassin.brassin_ingredient", "pk": 285, "fields": {"brassin": 32, "ingredient": 17, "quantite": "0.0800", "temps_infusion": "01:30:00", "achete": true}}, {"model": "brassin.brassin_ingredient", "pk": 286, "fields": {"brassin": 32, "ingredient": 27, "quantite": "1.0000", "temps_infusion": "01:30:00", "achete": false}}, {"model": "brassin.brassin_ingredient", "pk": 287, "fields": {"brassin": 32, "ingredient": 1, "quantite": "0.1000", "temps_infusion": "01:30:00", "achete": true}}, {"model": "brassin.brassin_ingredient", "pk": 288, "fields": {"brassin": 33, "ingredient": 10, "quantite": "10.0000", "temps_infusion": "01:30:00", "achete": true}}, {"model": "brassin.brassin_ingredient", "pk": 289, "fields": {"brassin": 33, "ingredient": 23, "quantite": "0.3200", "temps_infusion": "01:30:00", "achete": true}}, {"model": "brassin.brassin_ingredient", "pk": 290, "fields": {"brassin": 33, "ingredient": 21, "quantite": "0.2100", "temps_infusion": "01:30:00", "achete": true}}, {"model": "brassin.brassin_ingredient", "pk": 291, "fields": {"brassin": 33, "ingredient": 2, "quantite": "0.3000", "temps_infusion": "01:30:00", "achete": true}}, {"model": "brassin.brassin_ingredient", "pk": 292, "fields": {"brassin": 33, "ingredient": 17, "quantite": "0.0500", "temps_infusion": "01:30:00", "achete": true}}, {"model": "brassin.brassin_ingredient", "pk": 293, "fields": {"brassin": 33, "ingredient": 17, "quantite": "0.0300", "temps_infusion": "00:15:00", "achete": true}}, {"model": "brassin.brassin_ingredient", "pk": 294, "fields": {"brassin": 33, "ingredient": 19, "quantite": "1.0000", "temps_infusion": "00:15:00", "achete": false}}, {"model": "brassin.brassin_ingredient", "pk": 295, "fields": {"brassin": 32, "ingredient": 17, "quantite": "0.0200", "temps_infusion": "12:00:00", "achete": true}}, {"model": "brassin.brassin_ingredient", "pk": 296, "fields": {"brassin": 34, "ingredient": 6, "quantite": "9.4000", "temps_infusion": "01:30:00", "achete": true}}, {"model": "brassin.brassin_ingredient", "pk": 297, "fields": {"brassin": 34, "ingredient": 8, "quantite": "1.2000", "temps_infusion": "01:30:00", "achete": true}}, {"model": "brassin.brassin_ingredient", "pk": 298, "fields": {"brassin": 34, "ingredient": 7, "quantite": "0.4000", "temps_infusion": "01:30:00", "achete": true}}, {"model": "brassin.brassin_ingredient", "pk": 299, "fields": {"brassin": 34, "ingredient": 15, "quantite": "0.0400", "temps_infusion": "01:30:00", "achete": true}}, {"model": "brassin.brassin_ingredient", "pk": 300, "fields": {"brassin": 34, "ingredient": 15, "quantite": "0.0100", "temps_infusion": "00:15:00", "achete": true}}, {"model": "brassin.brassin_ingredient", "pk": 301, "fields": {"brassin": 34, "ingredient": 3, "quantite": "0.0100", "temps_infusion": "00:15:00", "achete": true}}, {"model": "brassin.brassin_ingredient", "pk": 302, "fields": {"brassin": 34, "ingredient": 18, "quantite": "1.0000", "temps_infusion": "01:30:00", "achete": true}}, {"model": "brassin.brassin_ingredient", "pk": 303, "fields": {"brassin": 35, "ingredient": 6, "quantite": "9.0000", "temps_infusion": "01:30:00", "achete": true}}, {"model": "brassin.brassin_ingredient", "pk": 304, "fields": {"brassin": 35, "ingredient": 8, "quantite": "1.0000", "temps_infusion": "01:30:00", "achete": true}}, {"model": "brassin.brassin_ingredient", "pk": 305, "fields": {"brassin": 35, "ingredient": 9, "quantite": "0.4200", "temps_infusion": "01:30:00", "achete": true}}, {"model": "brassin.brassin_ingredient", "pk": 306, "fields": {"brassin": 35, "ingredient": 27, "quantite": "1.0000", "temps_infusion": "01:30:00", "achete": true}}, {"model": "brassin.brassin_ingredient", "pk": 307, "fields": {"brassin": 35, "ingredient": 30, "quantite": "0.0500", "temps_infusion": "01:30:00", "achete": true}}, {"model": "brassin.brassin_ingredient", "pk": 308, "fields": {"brassin": 35, "ingredient": 17, "quantite": "0.0500", "temps_infusion": "01:30:00", "achete": true}}, {"model": "brassin.brassin_ingredient", "pk": 309, "fields": {"brassin": 35, "ingredient": 30, "quantite": "0.0500", "temps_infusion": "00:15:00", "achete": true}}, {"model": "brassin.recette_ingredient", "pk": 5, "fields": {"recette": 1, "ingredient": 6, "quantite": "85.0000", "temps_infusion": null}}, {"model": "brassin.recette_ingredient", "pk": 6, "fields": {"recette": 1, "ingredient": 7, "quantite": "3.0000", "temps_infusion": null}}, {"model": "brassin.recette_ingredient", "pk": 7, "fields": {"recette": 1, "ingredient": 8, "quantite": "12.0000", "temps_infusion": null}}, {"model": "brassin.recette_ingredient", "pk": 8, "fields": {"recette": 2, "ingredient": 6, "quantite": "86.0000", "temps_infusion": null}}, {"model": "brassin.recette_ingredient", "pk": 9, "fields": {"recette": 2, "ingredient": 9, "quantite": "4.0000", "temps_infusion": null}}, {"model": "brassin.recette_ingredient", "pk": 10, "fields": {"recette": 2, "ingredient": 8, "quantite": "10.0000", "temps_infusion": null}}, {"model": "brassin.recette_ingredient", "pk": 15, "fields": {"recette": 1, "ingredient": 15, "quantite": "0.8571", "temps_infusion": "01:30:00"}}, {"model": "brassin.recette_ingredient", "pk": 16, "fields": {"recette": 2, "ingredient": 16, "quantite": "1.0000", "temps_infusion": "01:30:00"}}, {"model": "brassin.recette_ingredient", "pk": 17, "fields": {"recette": 2, "ingredient": 14, "quantite": "1.0000", "temps_infusion": "01:30:00"}}, {"model": "brassin.recette_ingredient", "pk": 18, "fields": {"recette": 2, "ingredient": 16, "quantite": "0.2857", "temps_infusion": "00:15:00"}}, {"model": "brassin.recette_ingredient", "pk": 19, "fields": {"recette": 2, "ingredient": 14, "quantite": "0.2857", "temps_infusion": "00:15:00"}}, {"model": "brassin.recette_ingredient", "pk": 28, "fields": {"recette": 3, "ingredient": 6, "quantite": "82.0000", "temps_infusion": "01:30:00"}}, {"model": "brassin.recette_ingredient", "pk": 30, "fields": {"recette": 3, "ingredient": 12, "quantite": "5.4000", "temps_infusion": "01:30:00"}}, {"model": "brassin.recette_ingredient", "pk": 31, "fields": {"recette": 3, "ingredient": 11, "quantite": "5.4000", "temps_infusion": "01:30:00"}}, {"model": "brassin.recette_ingredient", "pk": 32, "fields": {"recette": 3, "ingredient": 13, "quantite": "4.3000", "temps_infusion": "01:30:00"}}, {"model": "brassin.recette_ingredient", "pk": 33, "fields": {"recette": 3, "ingredient": 21, "quantite": "2.9000", "temps_infusion": "01:30:00"}}, {"model": "brassin.recette_ingredient", "pk": 35, "fields": {"recette": 3, "ingredient": 5, "quantite": "0.5000", "temps_infusion": "01:30:00"}}, {"model": "brassin.recette_ingredient", "pk": 36, "fields": {"recette": 3, "ingredient": 1, "quantite": "32.0000", "temps_infusion": "01:30:00"}}, {"model": "brassin.recette_ingredient", "pk": 38, "fields": {"recette": 2, "ingredient": 2, "quantite": "15.1500", "temps_infusion": "01:30:00"}}, {"model": "brassin.recette_ingredient", "pk": 42, "fields": {"recette": 4, "ingredient": 10, "quantite": "95.0000", "temps_infusion": "01:30:00"}}, {"model": "brassin.recette_ingredient", "pk": 43, "fields": {"recette": 4, "ingredient": 23, "quantite": "3.0000", "temps_infusion": "01:30:00"}}, {"model": "brassin.recette_ingredient", "pk": 44, "fields": {"recette": 4, "ingredient": 21, "quantite": "2.0000", "temps_infusion": "01:30:00"}}, {"model": "brassin.recette_ingredient", "pk": 45, "fields": {"recette": 4, "ingredient": 14, "quantite": "3.0000", "temps_infusion": "01:30:00"}}, {"model": "brassin.recette_ingredient", "pk": 46, "fields": {"recette": 4, "ingredient": 2, "quantite": "2.0000", "temps_infusion": "01:30:00"}}, {"model": "brassin.recette_ingredient", "pk": 53, "fields": {"recette": 3, "ingredient": 19, "quantite": "1.0000", "temps_infusion": "01:30:00"}}, {"model": "brassin.recette_ingredient", "pk": 54, "fields": {"recette": 4, "ingredient": 19, "quantite": "1.0000", "temps_infusion": "01:30:00"}}, {"model": "brassin.recette_ingredient", "pk": 55, "fields": {"recette": 1, "ingredient": 18, "quantite": "1.0000", "temps_infusion": "01:30:00"}}, {"model": "brassin.recette_ingredient", "pk": 56, "fields": {"recette": 3, "ingredient": 25, "quantite": "1.3000", "temps_infusion": "01:30:00"}}, {"model": "brassin.achat", "pk": 1, "fields": {"type_achat": "Fonctionnement", "date_achat": "2018-12-14", "ingredient": 6, "quantite": "25.000"}}, {"model": "brassin.achat", "pk": 2, "fields": {"type_achat": "Fonctionnement", "date_achat": "2018-12-14", "ingredient": 8, "quantite": "5.000"}}, {"model": "brassin.achat", "pk": 3, "fields": {"type_achat": "Fonctionnement", "date_achat": "2018-12-14", "ingredient": 7, "quantite": "5.000"}}, {"model": "brassin.achat", "pk": 4, "fields": {"type_achat": "Fonctionnement", "date_achat": "2019-02-24", "ingredient": 14, "quantite": "0.200"}}, {"model": "brassin.achat", "pk": 5, "fields": {"type_achat": "Fonctionnement", "date_achat": "2019-02-24", "ingredient": 17, "quantite": "0.200"}}, {"model": "brassin.achat", "pk": 6, "fields": {"type_achat": "Fonctionnement", "date_achat": "2019-02-24", "ingredient": 16, "quantite": "0.200"}}, {"model": "brassin.achat", "pk": 7, "fields": {"type_achat": "Fonctionnement", "date_achat": "2019-01-14", "ingredient": 12, "quantite": "5.000"}}, {"model": "brassin.achat", "pk": 8, "fields": {"type_achat": "Fonctionnement", "date_achat": "2019-01-14", "ingredient": 11, "quantite": "5.000"}}, {"model": "brassin.achat", "pk": 9, "fields": {"type_achat": "Fonctionnement", "date_achat": "2019-01-14", "ingredient": 13, "quantite": "5.000"}}, {"model": "brassin.achat", "pk": 10, "fields": {"type_achat": "Fonctionnement", "date_achat": "2019-01-14", "ingredient": 9, "quantite": "5.000"}}, {"model": "brassin.achat", "pk": 11, "fields": {"type_achat": "Fonctionnement", "date_achat": "2019-01-14", "ingredient": 10, "quantite": "25.000"}}, {"model": "brassin.achat", "pk": 12, "fields": {"type_achat": "Fonctionnement", "date_achat": "2019-01-14", "ingredient": 6, "quantite": "25.000"}}, {"model": "brassin.achat", "pk": 13, "fields": {"type_achat": "Fonctionnement", "date_achat": "2018-05-13", "ingredient": 8, "quantite": "1.000"}}, {"model": "brassin.achat", "pk": 14, "fields": {"type_achat": "Fonctionnement", "date_achat": "2018-05-13", "ingredient": 15, "quantite": "0.100"}}, {"model": "brassin.achat", "pk": 15, "fields": {"type_achat": "Fonctionnement", "date_achat": "2018-05-13", "ingredient": 7, "quantite": "1.000"}}, {"model": "brassin.achat", "pk": 16, "fields": {"type_achat": "Fonctionnement", "date_achat": "2018-05-13", "ingredient": 6, "quantite": "25.000"}}, {"model": "brassin.achat", "pk": 17, "fields": {"type_achat": "Fonctionnement", "date_achat": "2018-05-13", "ingredient": 3, "quantite": "0.100"}}, {"model": "brassin.achat", "pk": 18, "fields": {"type_achat": "Fonctionnement", "date_achat": "2018-09-28", "ingredient": 8, "quantite": "1.000"}}, {"model": "brassin.achat", "pk": 19, "fields": {"type_achat": "Fonctionnement", "date_achat": "2018-09-28", "ingredient": 9, "quantite": "1.000"}}, {"model": "brassin.achat", "pk": 20, "fields": {"type_achat": "Fonctionnement", "date_achat": "2018-09-28", "ingredient": 10, "quantite": "25.000"}}, {"model": "brassin.achat", "pk": 21, "fields": {"type_achat": "Fonctionnement", "date_achat": "2018-09-28", "ingredient": 2, "quantite": "0.500"}}, {"model": "brassin.achat", "pk": 22, "fields": {"type_achat": "Fonctionnement", "date_achat": "2018-09-28", "ingredient": 16, "quantite": "0.100"}}, {"model": "brassin.achat", "pk": 23, "fields": {"type_achat": "Fonctionnement", "date_achat": "2018-09-28", "ingredient": 14, "quantite": "0.100"}}, {"model": "brassin.achat", "pk": 24, "fields": {"type_achat": "Fonctionnement", "date_achat": "2018-11-17", "ingredient": 6, "quantite": "5.000"}}, {"model": "brassin.achat", "pk": 25, "fields": {"type_achat": "Fonctionnement", "date_achat": "2018-11-17", "ingredient": 8, "quantite": "2.000"}}, {"model": "brassin.achat", "pk": 26, "fields": {"type_achat": "Fonctionnement", "date_achat": "2018-11-17", "ingredient": 15, "quantite": "0.100"}}, {"model": "brassin.achat", "pk": 27, "fields": {"type_achat": "Fonctionnement", "date_achat": "2018-12-22", "ingredient": 2, "quantite": "0.500"}}, {"model": "brassin.achat", "pk": 28, "fields": {"type_achat": "Fonctionnement", "date_achat": "2019-03-30", "ingredient": 2, "quantite": "5.000"}}, {"model": "brassin.achat", "pk": 29, "fields": {"type_achat": "Fonctionnement", "date_achat": "2019-03-30", "ingredient": 1, "quantite": "3.000"}}, {"model": "brassin.achat", "pk": 30, "fields": {"type_achat": "Fonctionnement", "date_achat": "2019-09-07", "ingredient": 8, "quantite": "5.000"}}, {"model": "brassin.achat", "pk": 31, "fields": {"type_achat": "Fonctionnement", "date_achat": "2019-09-07", "ingredient": 21, "quantite": "1.000"}}, {"model": "brassin.achat", "pk": 32, "fields": {"type_achat": "Fonctionnement", "date_achat": "2020-01-12", "ingredient": 23, "quantite": "1.000"}}, {"model": "brassin.achat", "pk": 33, "fields": {"type_achat": "Fonctionnement", "date_achat": "2020-01-12", "ingredient": 24, "quantite": "0.100"}}, {"model": "brassin.achat", "pk": 34, "fields": {"type_achat": "Fonctionnement", "date_achat": "2020-01-12", "ingredient": 10, "quantite": "25.000"}}, {"model": "brassin.achat", "pk": 35, "fields": {"type_achat": "Fonctionnement", "date_achat": "2020-02-10", "ingredient": 15, "quantite": "0.100"}}, {"model": "brassin.achat", "pk": 36, "fields": {"type_achat": "Fonctionnement", "date_achat": "2020-02-10", "ingredient": 16, "quantite": "0.100"}}, {"model": "brassin.achat", "pk": 37, "fields": {"type_achat": "Fonctionnement", "date_achat": "2020-04-11", "ingredient": 19, "quantite": "1.000"}}, {"model": "brassin.achat", "pk": 38, "fields": {"type_achat": "Fonctionnement", "date_achat": "2020-06-21", "ingredient": 19, "quantite": "1.000"}}, {"model": "brassin.achat", "pk": 39, "fields": {"type_achat": "Fonctionnement", "date_achat": "2020-06-21", "ingredient": 17, "quantite": "0.100"}}, {"model": "brassin.achat", "pk": 40, "fields": {"type_achat": "Fonctionnement", "date_achat": "2020-06-21", "ingredient": 23, "quantite": "1.000"}}, {"model": "brassin.achat", "pk": 41, "fields": {"type_achat": "Fonctionnement", "date_achat": "2020-06-21", "ingredient": 21, "quantite": "5.000"}}, {"model": "brassin.achat", "pk": 42, "fields": {"type_achat": "Fonctionnement", "date_achat": "2020-06-21", "ingredient": 10, "quantite": "25.000"}}, {"model": "brassin.achat", "pk": 43, "fields": {"type_achat": "Fonctionnement", "date_achat": "2020-06-21", "ingredient": 6, "quantite": "25.000"}}, {"model": "brassin.achat", "pk": 44, "fields": {"type_achat": "Fonctionnement", "date_achat": "2020-06-28", "ingredient": 25, "quantite": "0.100"}}, {"model": "brassin.achat", "pk": 45, "fields": {"type_achat": "Fonctionnement", "date_achat": "2020-10-25", "ingredient": 6, "quantite": "25.000"}}, {"model": "brassin.achat", "pk": 46, "fields": {"type_achat": "Fonctionnement", "date_achat": "2020-10-25", "ingredient": 28, "quantite": "0.500"}}, {"model": "brassin.achat", "pk": 47, "fields": {"type_achat": "MAJ", "date_achat": "2020-11-17", "ingredient": 9, "quantite": "-0.300"}}, {"model": "brassin.achat", "pk": 48, "fields": {"type_achat": "MAJ", "date_achat": "2020-11-17", "ingredient": 12, "quantite": "0.200"}}, {"model": "brassin.achat", "pk": 49, "fields": {"type_achat": "MAJ", "date_achat": "2020-11-17", "ingredient": 13, "quantite": "-1.160"}}, {"model": "brassin.achat", "pk": 50, "fields": {"type_achat": "MAJ", "date_achat": "2020-11-17", "ingredient": 16, "quantite": "0.014"}}, {"model": "brassin.achat", "pk": 51, "fields": {"type_achat": "MAJ", "date_achat": "2020-11-17", "ingredient": 15, "quantite": "-0.064"}}, {"model": "brassin.achat", "pk": 52, "fields": {"type_achat": "MAJ", "date_achat": "2020-11-17", "ingredient": 14, "quantite": "0.074"}}, {"model": "brassin.achat", "pk": 53, "fields": {"type_achat": "MAJ", "date_achat": "2020-11-17", "ingredient": 17, "quantite": "0.195"}}, {"model": "brassin.achat", "pk": 54, "fields": {"type_achat": "MAJ", "date_achat": "2020-11-17", "ingredient": 25, "quantite": "0.011"}}, {"model": "brassin.achat", "pk": 55, "fields": {"type_achat": "MAJ", "date_achat": "2020-11-17", "ingredient": 24, "quantite": "0.015"}}, {"model": "brassin.achat", "pk": 56, "fields": {"type_achat": "MAJ", "date_achat": "2020-11-17", "ingredient": 2, "quantite": "1.220"}}, {"model": "brassin.achat", "pk": 57, "fields": {"type_achat": "Fonctionnement", "date_achat": "2020-12-14", "ingredient": 10, "quantite": "25.000"}}, {"model": "brassin.achat", "pk": 58, "fields": {"type_achat": "Fonctionnement", "date_achat": "2020-12-14", "ingredient": 8, "quantite": "5.000"}}, {"model": "brassin.achat", "pk": 59, "fields": {"type_achat": "Fonctionnement", "date_achat": "2020-12-14", "ingredient": 15, "quantite": "0.200"}}, {"model": "brassin.achat", "pk": 60, "fields": {"type_achat": "Fonctionnement", "date_achat": "2020-12-14", "ingredient": 23, "quantite": "1.000"}}, {"model": "brassin.achat", "pk": 61, "fields": {"type_achat": "Fonctionnement", "date_achat": "2020-12-14", "ingredient": 2, "quantite": "5.000"}}, {"model": "brassin.achat", "pk": 62, "fields": {"type_achat": "Fonctionnement", "date_achat": "2020-12-14", "ingredient": 25, "quantite": "0.100"}}, {"model": "brassin.achat", "pk": 63, "fields": {"type_achat": "Fonctionnement", "date_achat": "2020-12-14", "ingredient": 29, "quantite": "0.250"}}, {"model": "brassin.achat", "pk": 64, "fields": {"type_achat": "Fonctionnement", "date_achat": "2020-12-14", "ingredient": 30, "quantite": "0.100"}}, {"model": "brassin.achat", "pk": 65, "fields": {"type_achat": "Fonctionnement", "date_achat": "2020-12-14", "ingredient": 18, "quantite": "1.000"}}, {"model": "brassin.achat", "pk": 66, "fields": {"type_achat": "Fonctionnement", "date_achat": "2021-01-23", "ingredient": 27, "quantite": "1.000"}}, {"model": "brassin.vente", "pk": 2, "fields": {"date_vente": "2018-11-26", "brassin": 3, "quantite": 1, "client": "Chlo\u00e9", "vendeur": "clement", "prix": "5.00", "virement": true}}, {"model": "brassin.vente", "pk": 3, "fields": {"date_vente": "2018-11-26", "brassin": 3, "quantite": 1, "client": "Chlo\u00e9", "vendeur": "clement", "prix": "5.00", "virement": true}}, {"model": "brassin.vente", "pk": 4, "fields": {"date_vente": "2018-11-26", "brassin": 3, "quantite": 1, "client": "Antoine", "vendeur": "clement", "prix": "5.00", "virement": true}}, {"model": "brassin.vente", "pk": 5, "fields": {"date_vente": "2018-11-26", "brassin": 3, "quantite": 1, "client": "Pacou", "vendeur": "clement", "prix": "5.00", "virement": true}}, {"model": "brassin.vente", "pk": 6, "fields": {"date_vente": "2018-11-26", "brassin": 3, "quantite": 1, "client": "Pacou", "vendeur": "clement", "prix": "5.00", "virement": true}}, {"model": "brassin.vente", "pk": 7, "fields": {"date_vente": "2018-11-26", "brassin": 3, "quantite": 1, "client": "Pacou", "vendeur": "clement", "prix": "5.00", "virement": true}}, {"model": "brassin.vente", "pk": 8, "fields": {"date_vente": "2018-11-26", "brassin": 3, "quantite": 1, "client": "Pacou", "vendeur": "clement", "prix": "5.00", "virement": true}}, {"model": "brassin.vente", "pk": 9, "fields": {"date_vente": "2018-11-26", "brassin": 3, "quantite": 1, "client": "Vincent", "vendeur": "clement", "prix": "5.00", "virement": true}}, {"model": "brassin.vente", "pk": 10, "fields": {"date_vente": "2018-11-26", "brassin": 3, "quantite": 1, "client": "Vincent2", "vendeur": "clement", "prix": "5.00", "virement": true}}, {"model": "brassin.vente", "pk": 11, "fields": {"date_vente": "2018-11-26", "brassin": 3, "quantite": 1, "client": "Marie", "vendeur": "eric", "prix": "5.00", "virement": true}}, {"model": "brassin.vente", "pk": 12, "fields": {"date_vente": "2018-11-26", "brassin": 3, "quantite": 1, "client": "Julien", "vendeur": "eric", "prix": "5.00", "virement": true}}, {"model": "brassin.vente", "pk": 13, "fields": {"date_vente": "2018-11-30", "brassin": 3, "quantite": 1, "client": "", "vendeur": "eric", "prix": "5.00", "virement": true}}, {"model": "brassin.vente", "pk": 14, "fields": {"date_vente": "2018-11-30", "brassin": 3, "quantite": 1, "client": "", "vendeur": "eric", "prix": "5.00", "virement": true}}, {"model": "brassin.vente", "pk": 15, "fields": {"date_vente": "2018-11-30", "brassin": 3, "quantite": 1, "client": "", "vendeur": "eric", "prix": "5.00", "virement": true}}, {"model": "brassin.vente", "pk": 16, "fields": {"date_vente": "2018-11-30", "brassin": 3, "quantite": 1, "client": "", "vendeur": "eric", "prix": "5.00", "virement": true}}, {"model": "brassin.vente", "pk": 17, "fields": {"date_vente": "2018-11-30", "brassin": 3, "quantite": 1, "client": "", "vendeur": "eric", "prix": "5.00", "virement": true}}, {"model": "brassin.vente", "pk": 18, "fields": {"date_vente": "2018-11-30", "brassin": 3, "quantite": 1, "client": "", "vendeur": "eric", "prix": "5.00", "virement": true}}, {"model": "brassin.vente", "pk": 19, "fields": {"date_vente": "2018-11-30", "brassin": 3, "quantite": 1, "client": "", "vendeur": "eric", "prix": "5.00", "virement": true}}, {"model": "brassin.vente", "pk": 20, "fields": {"date_vente": "2018-11-30", "brassin": 3, "quantite": 1, "client": "", "vendeur": "eric", "prix": "5.00", "virement": true}}, {"model": "brassin.vente", "pk": 21, "fields": {"date_vente": "2018-11-30", "brassin": 3, "quantite": 1, "client": "", "vendeur": "eric", "prix": "5.00", "virement": true}}, {"model": "brassin.vente", "pk": 22, "fields": {"date_vente": "2019-01-29", "brassin": 4, "quantite": 1, "client": "Damien", "vendeur": "clement", "prix": "5.00", "virement": true}}, {"model": "brassin.vente", "pk": 23, "fields": {"date_vente": "2019-01-29", "brassin": 4, "quantite": 1, "client": "Damien", "vendeur": "clement", "prix": "5.00", "virement": true}}, {"model": "brassin.vente", "pk": 24, "fields": {"date_vente": "2019-01-29", "brassin": 4, "quantite": 1, "client": "Pacou", "vendeur": "clement", "prix": "5.00", "virement": true}}, {"model": "brassin.vente", "pk": 25, "fields": {"date_vente": "2019-01-29", "brassin": 4, "quantite": 1, "client": "Pacou", "vendeur": "clement", "prix": "5.00", "virement": true}}, {"model": "brassin.vente", "pk": 26, "fields": {"date_vente": "2019-01-29", "brassin": 4, "quantite": 1, "client": "Steph", "vendeur": "clement", "prix": "5.00", "virement": true}}, {"model": "brassin.vente", "pk": 27, "fields": {"date_vente": "2019-01-29", "brassin": 4, "quantite": 1, "client": "Steph", "vendeur": "clement", "prix": "5.00", "virement": true}}, {"model": "brassin.vente", "pk": 28, "fields": {"date_vente": "2019-01-31", "brassin": 4, "quantite": 1, "client": "Leslie", "vendeur": "remi", "prix": "5.00", "virement": true}}, {"model": "brassin.vente", "pk": 29, "fields": {"date_vente": "2019-01-31", "brassin": 4, "quantite": 1, "client": "Leslie", "vendeur": "remi", "prix": "5.00", "virement": true}}, {"model": "brassin.vente", "pk": 30, "fields": {"date_vente": "2019-01-29", "brassin": 4, "quantite": 1, "client": "Vincent r", "vendeur": "clement", "prix": "5.00", "virement": true}}, {"model": "brassin.vente", "pk": 31, "fields": {"date_vente": "2019-01-29", "brassin": 4, "quantite": 1, "client": "Vincent r", "vendeur": "clement", "prix": "5.00", "virement": true}}, {"model": "brassin.vente", "pk": 32, "fields": {"date_vente": "2019-01-29", "brassin": 4, "quantite": 1, "client": "Antoine", "vendeur": "clement", "prix": "5.00", "virement": true}}, {"model": "brassin.vente", "pk": 33, "fields": {"date_vente": "2019-01-29", "brassin": 4, "quantite": 1, "client": "Antoine", "vendeur": "clement", "prix": "5.00", "virement": true}}, {"model": "brassin.vente", "pk": 34, "fields": {"date_vente": "2019-01-29", "brassin": 4, "quantite": 1, "client": "Nadia", "vendeur": "clement", "prix": "5.00", "virement": true}}, {"model": "brassin.vente", "pk": 35, "fields": {"date_vente": "2019-01-29", "brassin": 4, "quantite": 1, "client": "Michele", "vendeur": "clement", "prix": "5.00", "virement": true}}, {"model": "brassin.vente", "pk": 36, "fields": {"date_vente": "2019-02-04", "brassin": 4, "quantite": 1, "client": "Olivier", "vendeur": "clement", "prix": "5.00", "virement": true}}, {"model": "brassin.vente", "pk": 37, "fields": {"date_vente": "2019-02-19", "brassin": 4, "quantite": 1, "client": "Olivier", "vendeur": "clement", "prix": "5.00", "virement": true}}, {"model": "brassin.vente", "pk": 38, "fields": {"date_vente": "2019-04-03", "brassin": 6, "quantite": 1, "client": "Leslie", "vendeur": "remi", "prix": "5.00", "virement": true}}, {"model": "brassin.vente", "pk": 39, "fields": {"date_vente": "2019-04-05", "brassin": 6, "quantite": 1, "client": "St\u00e9phane ", "vendeur": "clement", "prix": "5.00", "virement": true}}, {"model": "brassin.vente", "pk": 40, "fields": {"date_vente": "2019-04-05", "brassin": 6, "quantite": 1, "client": "St\u00e9phane ", "vendeur": "clement", "prix": "5.00", "virement": true}}, {"model": "brassin.vente", "pk": 41, "fields": {"date_vente": "2019-04-05", "brassin": 6, "quantite": 1, "client": "Vincent r", "vendeur": "clement", "prix": "5.00", "virement": true}}, {"model": "brassin.vente", "pk": 42, "fields": {"date_vente": "2019-04-05", "brassin": 6, "quantite": 1, "client": "Arthur ", "vendeur": "clement", "prix": "5.00", "virement": true}}, {"model": "brassin.vente", "pk": 43, "fields": {"date_vente": "2019-04-05", "brassin": 6, "quantite": 1, "client": "jed", "vendeur": "clement", "prix": "5.00", "virement": true}}, {"model": "brassin.vente", "pk": 44, "fields": {"date_vente": "2019-04-05", "brassin": 6, "quantite": 1, "client": "jed", "vendeur": "clement", "prix": "5.00", "virement": true}}, {"model": "brassin.vente", "pk": 45, "fields": {"date_vente": "2019-04-05", "brassin": 6, "quantite": 1, "client": "paul", "vendeur": "clement", "prix": "5.00", "virement": true}}, {"model": "brassin.vente", "pk": 46, "fields": {"date_vente": "2018-12-28", "brassin": 6, "quantite": 2, "client": "marie", "vendeur": "eric", "prix": "10.00", "virement": true}}, {"model": "brassin.vente", "pk": 47, "fields": {"date_vente": "2018-12-28", "brassin": 6, "quantite": 2, "client": "marie", "vendeur": "eric", "prix": "10.00", "virement": true}}, {"model": "brassin.vente", "pk": 48, "fields": {"date_vente": "2018-12-28", "brassin": 6, "quantite": 1, "client": "aur\u00e9lie", "vendeur": "eric", "prix": "5.00", "virement": true}}, {"model": "brassin.vente", "pk": 49, "fields": {"date_vente": "2018-12-28", "brassin": 6, "quantite": 3, "client": "aur\u00e9lie", "vendeur": "eric", "prix": "15.00", "virement": true}}, {"model": "brassin.vente", "pk": 50, "fields": {"date_vente": "2018-12-28", "brassin": 6, "quantite": 1, "client": "Alain", "vendeur": "eric", "prix": "5.00", "virement": true}}, {"model": "brassin.vente", "pk": 51, "fields": {"date_vente": "2018-12-28", "brassin": 6, "quantite": 1, "client": "Alain", "vendeur": "eric", "prix": "5.00", "virement": true}}, {"model": "brassin.vente", "pk": 52, "fields": {"date_vente": "2018-12-28", "brassin": 6, "quantite": 1, "client": "Vincent", "vendeur": "eric", "prix": "5.00", "virement": true}}, {"model": "brassin.vente", "pk": 53, "fields": {"date_vente": "2018-12-28", "brassin": 6, "quantite": 2, "client": "Jean Jacque", "vendeur": "eric", "prix": "10.00", "virement": true}}, {"model": "brassin.vente", "pk": 54, "fields": {"date_vente": "2018-12-28", "brassin": 6, "quantite": 1, "client": "Angelina", "vendeur": "eric", "prix": "5.00", "virement": true}}, {"model": "brassin.vente", "pk": 55, "fields": {"date_vente": "2018-12-28", "brassin": 6, "quantite": 1, "client": "Angelina", "vendeur": "eric", "prix": "5.00", "virement": true}}, {"model": "brassin.vente", "pk": 56, "fields": {"date_vente": "2018-12-28", "brassin": 6, "quantite": 2, "client": "Nadine", "vendeur": "eric", "prix": "10.00", "virement": true}}, {"model": "brassin.vente", "pk": 57, "fields": {"date_vente": "2018-12-28", "brassin": 6, "quantite": 2, "client": "Nadine", "vendeur": "eric", "prix": "10.00", "virement": true}}, {"model": "brassin.vente", "pk": 58, "fields": {"date_vente": "2018-12-28", "brassin": 6, "quantite": 3, "client": "Gervais", "vendeur": "eric", "prix": "15.00", "virement": true}}, {"model": "brassin.vente", "pk": 59, "fields": {"date_vente": "2018-12-28", "brassin": 6, "quantite": 2, "client": "Gervais", "vendeur": "eric", "prix": "10.00", "virement": true}}, {"model": "brassin.vente", "pk": 60, "fields": {"date_vente": "2018-12-28", "brassin": 6, "quantite": 4, "client": "Benjamin", "vendeur": "clement", "prix": "20.00", "virement": true}}, {"model": "brassin.vente", "pk": 61, "fields": {"date_vente": "2018-12-28", "brassin": 6, "quantite": 1, "client": "Cathy", "vendeur": "eric", "prix": "5.00", "virement": true}}, {"model": "brassin.vente", "pk": 62, "fields": {"date_vente": "2018-12-28", "brassin": 6, "quantite": 1, "client": "Cathy", "vendeur": "eric", "prix": "5.00", "virement": true}}, {"model": "brassin.vente", "pk": 63, "fields": {"date_vente": "2018-12-28", "brassin": 7, "quantite": 1, "client": "Marie Aude", "vendeur": "eric", "prix": "5.00", "virement": true}}, {"model": "brassin.vente", "pk": 64, "fields": {"date_vente": "2018-12-28", "brassin": 6, "quantite": 1, "client": "Marie Aude", "vendeur": "eric", "prix": "5.00", "virement": true}}, {"model": "brassin.vente", "pk": 65, "fields": {"date_vente": "2019-04-25", "brassin": 7, "quantite": 3, "client": "St\u00e9phane ", "vendeur": "clement", "prix": "15.00", "virement": true}}, {"model": "brassin.vente", "pk": 66, "fields": {"date_vente": "2019-04-25", "brassin": 7, "quantite": 1, "client": "Jordan", "vendeur": "clement", "prix": "5.00", "virement": true}}, {"model": "brassin.vente", "pk": 67, "fields": {"date_vente": "2019-04-25", "brassin": 7, "quantite": 2, "client": "Antoine", "vendeur": "clement", "prix": "10.00", "virement": true}}, {"model": "brassin.vente", "pk": 68, "fields": {"date_vente": "2019-06-07", "brassin": 7, "quantite": 1, "client": "St\u00e9phane", "vendeur": "clement", "prix": "5.00", "virement": true}}, {"model": "brassin.vente", "pk": 69, "fields": {"date_vente": "2019-06-07", "brassin": 7, "quantite": 1, "client": "Paul", "vendeur": "clement", "prix": "5.00", "virement": true}}, {"model": "brassin.vente", "pk": 70, "fields": {"date_vente": "2019-06-07", "brassin": 7, "quantite": 1, "client": "Phillipe", "vendeur": "eric", "prix": "5.00", "virement": true}}, {"model": "brassin.vente", "pk": 71, "fields": {"date_vente": "2019-06-07", "brassin": 7, "quantite": 1, "client": "Voisins", "vendeur": "clement", "prix": "5.00", "virement": true}}, {"model": "brassin.vente", "pk": 72, "fields": {"date_vente": "2019-07-16", "brassin": 7, "quantite": 1, "client": "Benjamin", "vendeur": "clement", "prix": "5.00", "virement": true}}, {"model": "brassin.vente", "pk": 73, "fields": {"date_vente": "2019-07-16", "brassin": 9, "quantite": 1, "client": "Vincent", "vendeur": "clement", "prix": "5.00", "virement": true}}, {"model": "brassin.vente", "pk": 74, "fields": {"date_vente": "2019-07-16", "brassin": 9, "quantite": 1, "client": "St\u00e9phane", "vendeur": "clement", "prix": "5.00", "virement": true}}, {"model": "brassin.vente", "pk": 75, "fields": {"date_vente": "2019-05-15", "brassin": 9, "quantite": 3, "client": "", "vendeur": "eric", "prix": "15.00", "virement": true}}, {"model": "brassin.vente", "pk": 76, "fields": {"date_vente": "2019-06-26", "brassin": 8, "quantite": 3, "client": "", "vendeur": "eric", "prix": "15.00", "virement": true}}, {"model": "brassin.vente", "pk": 77, "fields": {"date_vente": "2019-07-30", "brassin": 8, "quantite": 1, "client": "Olivier", "vendeur": "clement", "prix": "5.00", "virement": true}}, {"model": "brassin.vente", "pk": 78, "fields": {"date_vente": "2019-07-30", "brassin": 8, "quantite": 1, "client": "Yann", "vendeur": "clement", "prix": "5.00", "virement": true}}, {"model": "brassin.vente", "pk": 79, "fields": {"date_vente": "2019-07-30", "brassin": 8, "quantite": 1, "client": "Antoine", "vendeur": "clement", "prix": "5.00", "virement": true}}, {"model": "brassin.vente", "pk": 80, "fields": {"date_vente": "2019-07-30", "brassin": 8, "quantite": 1, "client": "Yann", "vendeur": "clement", "prix": "5.00", "virement": true}}, {"model": "brassin.vente", "pk": 81, "fields": {"date_vente": "2019-07-30", "brassin": 8, "quantite": 1, "client": "Antoine", "vendeur": "clement", "prix": "5.00", "virement": true}}, {"model": "brassin.vente", "pk": 82, "fields": {"date_vente": "2019-07-30", "brassin": 8, "quantite": 1, "client": "Olivier", "vendeur": "clement", "prix": "5.00", "virement": true}}, {"model": "brassin.vente", "pk": 83, "fields": {"date_vente": "2019-07-16", "brassin": 7, "quantite": 2, "client": "St\u00e9phane", "vendeur": "clement", "prix": "10.00", "virement": true}}, {"model": "brassin.vente", "pk": 84, "fields": {"date_vente": "2019-07-16", "brassin": 7, "quantite": 5, "client": "Vincent", "vendeur": "clement", "prix": "25.00", "virement": true}}, {"model": "brassin.vente", "pk": 85, "fields": {"date_vente": "2019-08-06", "brassin": 8, "quantite": 4, "client": "St\u00e9phane", "vendeur": "clement", "prix": "20.00", "virement": true}}, {"model": "brassin.vente", "pk": 86, "fields": {"date_vente": "2019-08-06", "brassin": 8, "quantite": 1, "client": "Julie", "vendeur": "clement", "prix": "5.00", "virement": true}}, {"model": "brassin.vente", "pk": 87, "fields": {"date_vente": "2019-08-06", "brassin": 8, "quantite": 3, "client": "Benjamin", "vendeur": "clement", "prix": "15.00", "virement": true}}, {"model": "brassin.vente", "pk": 88, "fields": {"date_vente": "2019-08-06", "brassin": 9, "quantite": 2, "client": "Benjamin", "vendeur": "clement", "prix": "10.00", "virement": true}}, {"model": "brassin.vente", "pk": 89, "fields": {"date_vente": "2019-08-06", "brassin": 9, "quantite": 1, "client": "Michele", "vendeur": "clement", "prix": "5.00", "virement": true}}, {"model": "brassin.vente", "pk": 90, "fields": {"date_vente": "2019-08-06", "brassin": 9, "quantite": 1, "client": "Andreas", "vendeur": "clement", "prix": "5.00", "virement": true}}, {"model": "brassin.vente", "pk": 91, "fields": {"date_vente": "2019-08-06", "brassin": 9, "quantite": 1, "client": "Pacou", "vendeur": "clement", "prix": "5.00", "virement": true}}, {"model": "brassin.vente", "pk": 92, "fields": {"date_vente": "2019-08-06", "brassin": 9, "quantite": 1, "client": "Julie", "vendeur": "clement", "prix": "5.00", "virement": true}}, {"model": "brassin.vente", "pk": 93, "fields": {"date_vente": "2019-08-29", "brassin": 8, "quantite": 1, "client": "Pacou", "vendeur": "clement", "prix": "5.00", "virement": true}}, {"model": "brassin.vente", "pk": 94, "fields": {"date_vente": "2019-08-24", "brassin": 9, "quantite": 1, "client": "Michael", "vendeur": "clement", "prix": "5.00", "virement": true}}, {"model": "brassin.vente", "pk": 95, "fields": {"date_vente": "2019-10-17", "brassin": 10, "quantite": 4, "client": "CFA", "vendeur": "eric", "prix": "20.00", "virement": true}}, {"model": "brassin.vente", "pk": 96, "fields": {"date_vente": "2019-11-08", "brassin": 11, "quantite": 2, "client": "Toulouse", "vendeur": "clement", "prix": "10.00", "virement": true}}, {"model": "brassin.vente", "pk": 97, "fields": {"date_vente": "2019-11-12", "brassin": 10, "quantite": 3, "client": "Alten", "vendeur": "clement", "prix": "15.00", "virement": true}}, {"model": "brassin.vente", "pk": 98, "fields": {"date_vente": "2019-11-12", "brassin": 11, "quantite": 6, "client": "Stephane", "vendeur": "clement", "prix": "30.00", "virement": true}}, {"model": "brassin.vente", "pk": 100, "fields": {"date_vente": "2019-12-04", "brassin": 10, "quantite": 3, "client": "Guillaume", "vendeur": "clement", "prix": "15.00", "virement": true}}, {"model": "brassin.vente", "pk": 101, "fields": {"date_vente": "2019-12-04", "brassin": 11, "quantite": 1, "client": "Guillaume", "vendeur": "clement", "prix": "5.00", "virement": true}}, {"model": "brassin.vente", "pk": 102, "fields": {"date_vente": "2019-12-09", "brassin": 11, "quantite": 1, "client": "Groupe", "vendeur": "clement", "prix": "5.00", "virement": true}}, {"model": "brassin.vente", "pk": 106, "fields": {"date_vente": "2019-12-21", "brassin": 11, "quantite": 2, "client": "Myriam", "vendeur": "eric", "prix": "10.00", "virement": true}}, {"model": "brassin.vente", "pk": 107, "fields": {"date_vente": "2019-12-21", "brassin": 13, "quantite": 1, "client": "Myriam", "vendeur": "eric", "prix": "5.00", "virement": true}}, {"model": "brassin.vente", "pk": 108, "fields": {"date_vente": "2019-12-23", "brassin": 12, "quantite": 2, "client": "Philbo", "vendeur": "eric", "prix": "10.00", "virement": true}}, {"model": "brassin.vente", "pk": 109, "fields": {"date_vente": "2019-12-23", "brassin": 12, "quantite": 1, "client": "Alain", "vendeur": "eric", "prix": "5.00", "virement": true}}, {"model": "brassin.vente", "pk": 110, "fields": {"date_vente": "2019-12-23", "brassin": 11, "quantite": 1, "client": "Alain", "vendeur": "eric", "prix": "5.00", "virement": true}}, {"model": "brassin.vente", "pk": 111, "fields": {"date_vente": "2019-12-23", "brassin": 10, "quantite": 1, "client": "Alain", "vendeur": "eric", "prix": "5.00", "virement": true}}, {"model": "brassin.vente", "pk": 112, "fields": {"date_vente": "2019-12-23", "brassin": 12, "quantite": 4, "client": "Benjamin", "vendeur": "eric", "prix": "20.00", "virement": true}}, {"model": "brassin.vente", "pk": 113, "fields": {"date_vente": "2019-12-23", "brassin": 12, "quantite": 1, "client": "Vincent", "vendeur": "eric", "prix": "5.00", "virement": true}}, {"model": "brassin.vente", "pk": 114, "fields": {"date_vente": "2019-12-23", "brassin": 10, "quantite": 2, "client": "Vincent", "vendeur": "eric", "prix": "10.00", "virement": true}}, {"model": "brassin.vente", "pk": 115, "fields": {"date_vente": "2019-12-23", "brassin": 12, "quantite": 1, "client": "Fred", "vendeur": "eric", "prix": "5.00", "virement": true}}, {"model": "brassin.vente", "pk": 116, "fields": {"date_vente": "2019-12-23", "brassin": 12, "quantite": 1, "client": "Marie", "vendeur": "eric", "prix": "5.00", "virement": true}}, {"model": "brassin.vente", "pk": 117, "fields": {"date_vente": "2019-12-23", "brassin": 11, "quantite": 1, "client": "Marie", "vendeur": "eric", "prix": "5.00", "virement": true}}, {"model": "brassin.vente", "pk": 118, "fields": {"date_vente": "2019-12-23", "brassin": 8, "quantite": 2, "client": "Manu", "vendeur": "eric", "prix": "10.00", "virement": true}}, {"model": "brassin.vente", "pk": 119, "fields": {"date_vente": "2019-12-23", "brassin": 10, "quantite": 2, "client": "Manu", "vendeur": "eric", "prix": "10.00", "virement": true}}, {"model": "brassin.vente", "pk": 120, "fields": {"date_vente": "2019-12-23", "brassin": 11, "quantite": 2, "client": "Manu", "vendeur": "eric", "prix": "10.00", "virement": true}}, {"model": "brassin.vente", "pk": 121, "fields": {"date_vente": "2020-01-22", "brassin": 12, "quantite": 2, "client": "Saint avit", "vendeur": "eric", "prix": "10.00", "virement": true}}, {"model": "brassin.vente", "pk": 122, "fields": {"date_vente": "2020-01-22", "brassin": 9, "quantite": 2, "client": "Saint avit", "vendeur": "eric", "prix": "10.00", "virement": true}}, {"model": "brassin.vente", "pk": 123, "fields": {"date_vente": "2020-02-02", "brassin": 13, "quantite": 2, "client": "Olivier", "vendeur": "remi", "prix": "10.00", "virement": true}}, {"model": "brassin.vente", "pk": 124, "fields": {"date_vente": "2020-01-27", "brassin": 13, "quantite": 1, "client": "Leslie", "vendeur": "remi", "prix": "5.00", "virement": true}}, {"model": "brassin.vente", "pk": 125, "fields": {"date_vente": "2020-02-23", "brassin": 23, "quantite": 1, "client": "Laure", "vendeur": "remi", "prix": "5.00", "virement": true}}, {"model": "brassin.vente", "pk": 126, "fields": {"date_vente": "2020-03-29", "brassin": 23, "quantite": 2, "client": "Olivier", "vendeur": "remi", "prix": "10.00", "virement": true}}, {"model": "brassin.vente", "pk": 127, "fields": {"date_vente": "2020-04-18", "brassin": 23, "quantite": 6, "client": "Laure", "vendeur": "remi", "prix": "30.00", "virement": true}}, {"model": "brassin.vente", "pk": 128, "fields": {"date_vente": "2020-04-18", "brassin": 13, "quantite": 4, "client": "Laure", "vendeur": "remi", "prix": "20.00", "virement": true}}, {"model": "brassin.vente", "pk": 129, "fields": {"date_vente": "2020-05-24", "brassin": 25, "quantite": 10, "client": "Laure", "vendeur": "remi", "prix": "50.00", "virement": true}}, {"model": "brassin.vente", "pk": 130, "fields": {"date_vente": "2020-06-01", "brassin": 25, "quantite": 3, "client": "Zap", "vendeur": "remi", "prix": "15.00", "virement": true}}, {"model": "brassin.vente", "pk": 131, "fields": {"date_vente": "2020-06-01", "brassin": 13, "quantite": 2, "client": "Zap", "vendeur": "remi", "prix": "10.00", "virement": true}}, {"model": "brassin.vente", "pk": 132, "fields": {"date_vente": "2020-07-14", "brassin": 25, "quantite": 2, "client": "Damien", "vendeur": "clement", "prix": "10.00", "virement": true}}, {"model": "brassin.vente", "pk": 133, "fields": {"date_vente": "2020-07-14", "brassin": 25, "quantite": 8, "client": "Laure", "vendeur": "clement", "prix": "40.00", "virement": true}}, {"model": "brassin.vente", "pk": 134, "fields": {"date_vente": "2020-07-14", "brassin": 26, "quantite": 3, "client": "Laure", "vendeur": "clement", "prix": "15.00", "virement": true}}, {"model": "brassin.vente", "pk": 135, "fields": {"date_vente": "2020-07-14", "brassin": 25, "quantite": 2, "client": "Guillaume", "vendeur": "clement", "prix": "10.00", "virement": true}}, {"model": "brassin.vente", "pk": 136, "fields": {"date_vente": "2020-07-14", "brassin": 25, "quantite": 1, "client": "Manon", "vendeur": "clement", "prix": "5.00", "virement": true}}, {"model": "brassin.vente", "pk": 137, "fields": {"date_vente": "2020-07-14", "brassin": 13, "quantite": 2, "client": "Manon", "vendeur": "clement", "prix": "10.00", "virement": true}}, {"model": "brassin.vente", "pk": 140, "fields": {"date_vente": "2020-09-04", "brassin": 27, "quantite": 2, "client": "Benjamin", "vendeur": "eric", "prix": "10.00", "virement": true}}, {"model": "brassin.vente", "pk": 141, "fields": {"date_vente": "2020-09-04", "brassin": 28, "quantite": 2, "client": "Benjamin", "vendeur": "eric", "prix": "10.00", "virement": true}}, {"model": "brassin.vente", "pk": 142, "fields": {"date_vente": "2020-09-08", "brassin": 28, "quantite": 1, "client": "Zap", "vendeur": "clement", "prix": "5.00", "virement": true}}, {"model": "brassin.vente", "pk": 143, "fields": {"date_vente": "2020-09-08", "brassin": 28, "quantite": 1, "client": "Michael", "vendeur": "clement", "prix": "5.00", "virement": true}}, {"model": "brassin.vente", "pk": 144, "fields": {"date_vente": "2020-09-17", "brassin": 28, "quantite": 4, "client": "Benjamin", "vendeur": "clement", "prix": "20.00", "virement": true}}, {"model": "brassin.vente", "pk": 145, "fields": {"date_vente": "2020-09-17", "brassin": 27, "quantite": 5, "client": "Benjamin", "vendeur": "clement", "prix": "25.00", "virement": true}}, {"model": "brassin.vente", "pk": 146, "fields": {"date_vente": "2020-09-21", "brassin": 27, "quantite": 5, "client": "Peintre", "vendeur": "eric", "prix": "30.00", "virement": true}}, {"model": "brassin.vente", "pk": 147, "fields": {"date_vente": "2020-09-27", "brassin": 28, "quantite": 2, "client": "Mika", "vendeur": "remi", "prix": "10.00", "virement": true}}, {"model": "brassin.vente", "pk": 148, "fields": {"date_vente": "2020-09-27", "brassin": 27, "quantite": 2, "client": "Mika", "vendeur": "remi", "prix": "10.00", "virement": true}}, {"model": "brassin.vente", "pk": 149, "fields": {"date_vente": "2020-09-27", "brassin": 28, "quantite": 2, "client": "Caro", "vendeur": "remi", "prix": "10.00", "virement": true}}, {"model": "brassin.vente", "pk": 150, "fields": {"date_vente": "2020-09-27", "brassin": 27, "quantite": 1, "client": "Caro", "vendeur": "remi", "prix": "5.00", "virement": true}}, {"model": "brassin.vente", "pk": 151, "fields": {"date_vente": "2020-10-22", "brassin": 27, "quantite": 2, "client": "Alain CFA", "vendeur": "clement", "prix": "10.00", "virement": true}}, {"model": "brassin.vente", "pk": 152, "fields": {"date_vente": "2020-10-22", "brassin": 27, "quantite": 4, "client": "Fred CFA", "vendeur": "clement", "prix": "20.00", "virement": true}}, {"model": "brassin.vente", "pk": 153, "fields": {"date_vente": "2020-10-22", "brassin": 27, "quantite": 3, "client": "Benjamin CFA", "vendeur": "clement", "prix": "15.00", "virement": true}}, {"model": "brassin.vente", "pk": 154, "fields": {"date_vente": "2020-10-22", "brassin": 27, "quantite": 2, "client": "Jean Jacques CFA", "vendeur": "clement", "prix": "10.00", "virement": true}}, {"model": "brassin.vente", "pk": 155, "fields": {"date_vente": "2020-10-22", "brassin": 28, "quantite": 1, "client": "Fred CFA", "vendeur": "clement", "prix": "5.00", "virement": true}}, {"model": "brassin.vente", "pk": 156, "fields": {"date_vente": "2020-12-16", "brassin": 31, "quantite": 1, "client": "Michael", "vendeur": "clement", "prix": "5.00", "virement": true}}, {"model": "brassin.vente", "pk": 157, "fields": {"date_vente": "2020-12-16", "brassin": 31, "quantite": 1, "client": "Zap", "vendeur": "clement", "prix": "5.00", "virement": true}}, {"model": "brassin.vente", "pk": 158, "fields": {"date_vente": "2020-12-16", "brassin": 28, "quantite": 1, "client": "Michael", "vendeur": "clement", "prix": "5.00", "virement": true}}, {"model": "brassin.vente", "pk": 159, "fields": {"date_vente": "2020-12-16", "brassin": 28, "quantite": 1, "client": "Zap", "vendeur": "clement", "prix": "5.00", "virement": true}}, {"model": "brassin.vente", "pk": 160, "fields": {"date_vente": "2020-12-16", "brassin": 31, "quantite": 4, "client": "Laure", "vendeur": "clement", "prix": "20.00", "virement": true}}, {"model": "brassin.vente", "pk": 161, "fields": {"date_vente": "2020-12-17", "brassin": 31, "quantite": 4, "client": "Guillaume", "vendeur": "clement", "prix": "20.00", "virement": true}}, {"model": "brassin.vente", "pk": 162, "fields": {"date_vente": "2020-12-17", "brassin": 28, "quantite": 4, "client": "Guillaume", "vendeur": "clement", "prix": "20.00", "virement": true}}, {"model": "brassin.vente", "pk": 163, "fields": {"date_vente": "2020-12-19", "brassin": 31, "quantite": 4, "client": "Lucas", "vendeur": "eric", "prix": "20.00", "virement": true}}, {"model": "brassin.vente", "pk": 164, "fields": {"date_vente": "2020-12-15", "brassin": 31, "quantite": 3, "client": "Seb CFA", "vendeur": "eric", "prix": "15.00", "virement": true}}, {"model": "brassin.vente", "pk": 165, "fields": {"date_vente": "2020-12-13", "brassin": 33, "quantite": 4, "client": "Alain CFA", "vendeur": "eric", "prix": "20.00", "virement": true}}, {"model": "brassin.vente", "pk": 166, "fields": {"date_vente": "2021-01-26", "brassin": 34, "quantite": 1, "client": "CFA Catherine", "vendeur": "eric", "prix": "5.00", "virement": false}}, {"model": "brassin.vente", "pk": 167, "fields": {"date_vente": "2021-01-26", "brassin": 31, "quantite": 1, "client": "CFA Catherine", "vendeur": "eric", "prix": "5.00", "virement": false}}, {"model": "brassin.vente", "pk": 168, "fields": {"date_vente": "2021-01-22", "brassin": 34, "quantite": 1, "client": "CFA Christelle", "vendeur": "eric", "prix": "5.00", "virement": false}}, {"model": "brassin.vente", "pk": 169, "fields": {"date_vente": "2021-01-22", "brassin": 33, "quantite": 1, "client": "CFA Christelle", "vendeur": "eric", "prix": "5.00", "virement": false}}, {"model": "brassin.vente", "pk": 170, "fields": {"date_vente": "2021-01-22", "brassin": 31, "quantite": 1, "client": "CFA Christelle", "vendeur": "eric", "prix": "5.00", "virement": false}}, {"model": "brassin.vente", "pk": 171, "fields": {"date_vente": "2021-01-27", "brassin": 33, "quantite": 1, "client": "CFA Sylvain", "vendeur": "eric", "prix": "5.00", "virement": false}}, {"model": "brassin.vente", "pk": 172, "fields": {"date_vente": "2021-01-27", "brassin": 31, "quantite": 1, "client": "CFA Sylvain", "vendeur": "eric", "prix": "5.00", "virement": false}}, {"model": "brassin.vente", "pk": 173, "fields": {"date_vente": "2021-01-27", "brassin": 31, "quantite": 12, "client": "Dr SORE", "vendeur": "clement", "prix": "60.00", "virement": true}}, {"model": "brassin.vente", "pk": 174, "fields": {"date_vente": "2021-01-28", "brassin": 33, "quantite": 2, "client": "CFA Sylvain", "vendeur": "eric", "prix": "10.00", "virement": true}}, {"model": "brassin.vente", "pk": 175, "fields": {"date_vente": "2021-01-28", "brassin": 34, "quantite": 1, "client": "CFA Amy", "vendeur": "eric", "prix": "5.00", "virement": false}}, {"model": "brassin.vente", "pk": 177, "fields": {"date_vente": "2021-01-28", "brassin": 33, "quantite": 1, "client": "CFA Amy", "vendeur": "eric", "prix": "5.00", "virement": false}}, {"model": "brassin.vente", "pk": 178, "fields": {"date_vente": "2021-02-02", "brassin": 34, "quantite": 2, "client": "CFA Aurelie", "vendeur": "eric", "prix": "10.00", "virement": true}}, {"model": "brassin.vente", "pk": 179, "fields": {"date_vente": "2021-02-02", "brassin": 33, "quantite": 2, "client": "CFA Aurelie", "vendeur": "eric", "prix": "10.00", "virement": true}}, {"model": "brassin.vente", "pk": 180, "fields": {"date_vente": "2021-02-17", "brassin": 34, "quantite": 3, "client": "Benjamin", "vendeur": "clement", "prix": "15.00", "virement": true}}, {"model": "brassin.vente", "pk": 181, "fields": {"date_vente": "2021-02-17", "brassin": 33, "quantite": 4, "client": "Benjamin", "vendeur": "clement", "prix": "20.00", "virement": true}}, {"model": "brassin.vente", "pk": 182, "fields": {"date_vente": "2021-02-19", "brassin": 34, "quantite": 6, "client": "Guillaume Caro", "vendeur": "clement", "prix": "30.00", "virement": true}}, {"model": "brassin.vente", "pk": 183, "fields": {"date_vente": "2021-02-19", "brassin": 28, "quantite": 6, "client": "Guillaume Caro", "vendeur": "clement", "prix": "30.00", "virement": true}}, {"model": "brassin.vente", "pk": 184, "fields": {"date_vente": "2021-02-21", "brassin": 34, "quantite": 1, "client": "Laure", "vendeur": "clement", "prix": "5.00", "virement": false}}, {"model": "auth.permission", "pk": 1, "fields": {"name": "Can add log entry", "content_type": 1, "codename": "add_logentry"}}, {"model": "auth.permission", "pk": 2, "fields": {"name": "Can change log entry", "content_type": 1, "codename": "change_logentry"}}, {"model": "auth.permission", "pk": 3, "fields": {"name": "Can delete log entry", "content_type": 1, "codename": "delete_logentry"}}, {"model": "auth.permission", "pk": 4, "fields": {"name": "Can view log entry", "content_type": 1, "codename": "view_logentry"}}, {"model": "auth.permission", "pk": 5, "fields": {"name": "Can add permission", "content_type": 2, "codename": "add_permission"}}, {"model": "auth.permission", "pk": 6, "fields": {"name": "Can change permission", "content_type": 2, "codename": "change_permission"}}, {"model": "auth.permission", "pk": 7, "fields": {"name": "Can delete permission", "content_type": 2, "codename": "delete_permission"}}, {"model": "auth.permission", "pk": 8, "fields": {"name": "Can view permission", "content_type": 2, "codename": "view_permission"}}, {"model": "auth.permission", "pk": 9, "fields": {"name": "Can add group", "content_type": 3, "codename": "add_group"}}, {"model": "auth.permission", "pk": 10, "fields": {"name": "Can change group", "content_type": 3, "codename": "change_group"}}, {"model": "auth.permission", "pk": 11, "fields": {"name": "Can delete group", "content_type": 3, "codename": "delete_group"}}, {"model": "auth.permission", "pk": 12, "fields": {"name": "Can view group", "content_type": 3, "codename": "view_group"}}, {"model": "auth.permission", "pk": 13, "fields": {"name": "Can add user", "content_type": 4, "codename": "add_user"}}, {"model": "auth.permission", "pk": 14, "fields": {"name": "Can change user", "content_type": 4, "codename": "change_user"}}, {"model": "auth.permission", "pk": 15, "fields": {"name": "Can delete user", "content_type": 4, "codename": "delete_user"}}, {"model": "auth.permission", "pk": 16, "fields": {"name": "Can view user", "content_type": 4, "codename": "view_user"}}, {"model": "auth.permission", "pk": 17, "fields": {"name": "Can add content type", "content_type": 5, "codename": "add_contenttype"}}, {"model": "auth.permission", "pk": 18, "fields": {"name": "Can change content type", "content_type": 5, "codename": "change_contenttype"}}, {"model": "auth.permission", "pk": 19, "fields": {"name": "Can delete content type", "content_type": 5, "codename": "delete_contenttype"}}, {"model": "auth.permission", "pk": 20, "fields": {"name": "Can view content type", "content_type": 5, "codename": "view_contenttype"}}, {"model": "auth.permission", "pk": 21, "fields": {"name": "Can add session", "content_type": 6, "codename": "add_session"}}, {"model": "auth.permission", "pk": 22, "fields": {"name": "Can change session", "content_type": 6, "codename": "change_session"}}, {"model": "auth.permission", "pk": 23, "fields": {"name": "Can delete session", "content_type": 6, "codename": "delete_session"}}, {"model": "auth.permission", "pk": 24, "fields": {"name": "Can view session", "content_type": 6, "codename": "view_session"}}, {"model": "auth.permission", "pk": 25, "fields": {"name": "Can add Brassin", "content_type": 7, "codename": "add_brassin"}}, {"model": "auth.permission", "pk": 26, "fields": {"name": "Can change Brassin", "content_type": 7, "codename": "change_brassin"}}, {"model": "auth.permission", "pk": 27, "fields": {"name": "Can delete Brassin", "content_type": 7, "codename": "delete_brassin"}}, {"model": "auth.permission", "pk": 28, "fields": {"name": "Can view Brassin", "content_type": 7, "codename": "view_brassin"}}, {"model": "auth.permission", "pk": 29, "fields": {"name": "Can add Ingredient", "content_type": 8, "codename": "add_ingredient"}}, {"model": "auth.permission", "pk": 30, "fields": {"name": "Can change Ingredient", "content_type": 8, "codename": "change_ingredient"}}, {"model": "auth.permission", "pk": 31, "fields": {"name": "Can delete Ingredient", "content_type": 8, "codename": "delete_ingredient"}}, {"model": "auth.permission", "pk": 32, "fields": {"name": "Can view Ingredient", "content_type": 8, "codename": "view_ingredient"}}, {"model": "auth.permission", "pk": 33, "fields": {"name": "Can add recette", "content_type": 9, "codename": "add_recette"}}, {"model": "auth.permission", "pk": 34, "fields": {"name": "Can change recette", "content_type": 9, "codename": "change_recette"}}, {"model": "auth.permission", "pk": 35, "fields": {"name": "Can delete recette", "content_type": 9, "codename": "delete_recette"}}, {"model": "auth.permission", "pk": 36, "fields": {"name": "Can view recette", "content_type": 9, "codename": "view_recette"}}, {"model": "auth.permission", "pk": 37, "fields": {"name": "Can add Vente", "content_type": 10, "codename": "add_vente"}}, {"model": "auth.permission", "pk": 38, "fields": {"name": "Can change Vente", "content_type": 10, "codename": "change_vente"}}, {"model": "auth.permission", "pk": 39, "fields": {"name": "Can delete Vente", "content_type": 10, "codename": "delete_vente"}}, {"model": "auth.permission", "pk": 40, "fields": {"name": "Can view Vente", "content_type": 10, "codename": "view_vente"}}, {"model": "auth.permission", "pk": 41, "fields": {"name": "Can add brassin_ingredient", "content_type": 11, "codename": "add_brassin_ingredient"}}, {"model": "auth.permission", "pk": 42, "fields": {"name": "Can change brassin_ingredient", "content_type": 11, "codename": "change_brassin_ingredient"}}, {"model": "auth.permission", "pk": 43, "fields": {"name": "Can delete brassin_ingredient", "content_type": 11, "codename": "delete_brassin_ingredient"}}, {"model": "auth.permission", "pk": 44, "fields": {"name": "Can view brassin_ingredient", "content_type": 11, "codename": "view_brassin_ingredient"}}, {"model": "auth.permission", "pk": 45, "fields": {"name": "Can add Achat", "content_type": 12, "codename": "add_achat"}}, {"model": "auth.permission", "pk": 46, "fields": {"name": "Can change Achat", "content_type": 12, "codename": "change_achat"}}, {"model": "auth.permission", "pk": 47, "fields": {"name": "Can delete Achat", "content_type": 12, "codename": "delete_achat"}}, {"model": "auth.permission", "pk": 48, "fields": {"name": "Can view Achat", "content_type": 12, "codename": "view_achat"}}, {"model": "auth.permission", "pk": 49, "fields": {"name": "Can add recette_ingredient", "content_type": 13, "codename": "add_recette_ingredient"}}, {"model": "auth.permission", "pk": 50, "fields": {"name": "Can change recette_ingredient", "content_type": 13, "codename": "change_recette_ingredient"}}, {"model": "auth.permission", "pk": 51, "fields": {"name": "Can delete recette_ingredient", "content_type": 13, "codename": "delete_recette_ingredient"}}, {"model": "auth.permission", "pk": 52, "fields": {"name": "Can view recette_ingredient", "content_type": 13, "codename": "view_recette_ingredient"}}, {"model": "auth.permission", "pk": 53, "fields": {"name": "Can add Notes", "content_type": 14, "codename": "add_note"}}, {"model": "auth.permission", "pk": 54, "fields": {"name": "Can change Notes", "content_type": 14, "codename": "change_note"}}, {"model": "auth.permission", "pk": 55, "fields": {"name": "Can delete Notes", "content_type": 14, "codename": "delete_note"}}, {"model": "auth.permission", "pk": 56, "fields": {"name": "Can view Notes", "content_type": 14, "codename": "view_note"}}, {"model": "auth.user", "pk": 1, "fields": {"password": "pbkdf2_sha256$150000$p1Z99ZX2nhhZ$9+OagAAmuSecOi0OpkdDG1YsLKVGkGruhZO6jXKzLz8=", "last_login": "2021-02-28T10:20:34.486Z", "is_superuser": true, "username": "clement", "first_name": "", "last_name": "", "email": "clement.sauve@orange.fr", "is_staff": true, "is_active": true, "date_joined": "2019-10-18T13:29:01Z", "groups": [], "user_permissions": [1, 2, 3, 4, 9, 10, 11, 12, 5, 6, 7, 8, 13, 14, 15, 16, 45, 46, 47, 48, 25, 26, 27, 28, 41, 42, 43, 44, 29, 30, 31, 32, 53, 54, 55, 56, 33, 34, 35, 36, 49, 50, 51, 52, 37, 38, 39, 40, 17, 18, 19, 20, 21, 22, 23, 24]}}, {"model": "auth.user", "pk": 4, "fields": {"password": "pbkdf2_sha256$150000$bsprfdnNOO6J$Cey3KQ/HzYVMTyIp6jIFp2Sw69cB+qV+bb3RIoX+RzY=", "last_login": "2021-02-27T18:28:03.326Z", "is_superuser": true, "username": "eric", "first_name": "", "last_name": "", "email": "", "is_staff": false, "is_active": true, "date_joined": "2019-10-26T15:55:17Z", "groups": [], "user_permissions": [45, 46, 47, 48, 25, 26, 27, 28, 41, 42, 43, 44, 29, 30, 31, 32, 53, 54, 55, 56, 33, 34, 35, 36, 49, 50, 51, 52, 37, 38, 39, 40]}}, {"model": "auth.user", "pk": 6, "fields": {"password": "pbkdf2_sha256$150000$BeHSj6hAsq0A$2ZjDCH4kfLeDiS7JQaMPlfi9h0Z0A2dCt7C8wJlIZvY=", "last_login": "2021-01-16T20:35:48.322Z", "is_superuser": true, "username": "remi", "first_name": "", "last_name": "", "email": "", "is_staff": false, "is_active": true, "date_joined": "2019-10-26T16:00:56Z", "groups": [], "user_permissions": [45, 46, 47, 48, 25, 26, 27, 28, 41, 42, 43, 44, 29, 30, 31, 32, 53, 54, 55, 56, 33, 34, 35, 36, 49, 50, 51, 52, 37, 38, 39, 40]}}, {"model": "auth.user", "pk": 7, "fields": {"password": "pbkdf2_sha256$150000$XrOnlZfG6ccH$Un5O8zNDAaAJzcm++7kTmJXv/bcROyNTILV8cPSMQ/s=", "last_login": "2020-12-29T15:33:14.514Z", "is_superuser": false, "username": "invite", "first_name": "", "last_name": "", "email": "", "is_staff": false, "is_active": true, "date_joined": "2020-07-15T16:14:16Z", "groups": [], "user_permissions": []}}, {"model": "admin.logentry", "pk": 1, "fields": {"action_time": "2019-10-18T13:31:52.679Z", "user": 1, "content_type": 4, "object_id": "2", "object_repr": "generic", "action_flag": 1, "change_message": "[{\"added\": {}}]"}}, {"model": "admin.logentry", "pk": 2, "fields": {"action_time": "2019-10-18T14:55:16.538Z", "user": 1, "content_type": 4, "object_id": "2", "object_repr": "generic", "action_flag": 3, "change_message": ""}}, {"model": "admin.logentry", "pk": 3, "fields": {"action_time": "2019-10-18T14:55:41.969Z", "user": 1, "content_type": 4, "object_id": "3", "object_repr": "brasserie", "action_flag": 1, "change_message": "[{\"added\": {}}]"}}, {"model": "admin.logentry", "pk": 4, "fields": {"action_time": "2019-10-19T15:34:26.505Z", "user": 1, "content_type": 4, "object_id": "3", "object_repr": "Remi", "action_flag": 2, "change_message": "[{\"changed\": {\"fields\": [\"username\", \"first_name\"]}}]"}}, {"model": "admin.logentry", "pk": 5, "fields": {"action_time": "2019-10-26T15:55:17.900Z", "user": 1, "content_type": 4, "object_id": "4", "object_repr": "eric", "action_flag": 1, "change_message": "[{\"added\": {}}]"}}, {"model": "admin.logentry", "pk": 6, "fields": {"action_time": "2019-10-26T15:55:39.707Z", "user": 1, "content_type": 4, "object_id": "4", "object_repr": "eric", "action_flag": 2, "change_message": "[]"}}, {"model": "admin.logentry", "pk": 7, "fields": {"action_time": "2019-10-26T15:56:50.859Z", "user": 1, "content_type": 4, "object_id": "5", "object_repr": "remi", "action_flag": 1, "change_message": "[{\"added\": {}}]"}}, {"model": "admin.logentry", "pk": 8, "fields": {"action_time": "2019-10-26T15:56:59.154Z", "user": 1, "content_type": 4, "object_id": "5", "object_repr": "remi", "action_flag": 2, "change_message": "[]"}}, {"model": "admin.logentry", "pk": 9, "fields": {"action_time": "2019-10-26T15:57:50.378Z", "user": 1, "content_type": 4, "object_id": "3", "object_repr": "Remi", "action_flag": 3, "change_message": ""}}, {"model": "admin.logentry", "pk": 10, "fields": {"action_time": "2019-10-26T16:00:32.119Z", "user": 1, "content_type": 4, "object_id": "5", "object_repr": "remi", "action_flag": 3, "change_message": ""}}, {"model": "admin.logentry", "pk": 11, "fields": {"action_time": "2019-10-26T16:00:56.169Z", "user": 1, "content_type": 4, "object_id": "6", "object_repr": "remi", "action_flag": 1, "change_message": "[{\"added\": {}}]"}}, {"model": "admin.logentry", "pk": 12, "fields": {"action_time": "2019-10-26T16:00:59.734Z", "user": 1, "content_type": 4, "object_id": "6", "object_repr": "remi", "action_flag": 2, "change_message": "[]"}}, {"model": "admin.logentry", "pk": 13, "fields": {"action_time": "2019-10-29T16:29:47.816Z", "user": 1, "content_type": 4, "object_id": "7", "object_repr": "clem24", "action_flag": 3, "change_message": ""}}, {"model": "admin.logentry", "pk": 14, "fields": {"action_time": "2020-01-20T09:56:46.809Z", "user": 1, "content_type": 4, "object_id": "4", "object_repr": "eric", "action_flag": 2, "change_message": "[{\"changed\": {\"fields\": [\"password\"]}}]"}}, {"model": "admin.logentry", "pk": 15, "fields": {"action_time": "2020-01-20T09:58:03.261Z", "user": 1, "content_type": 4, "object_id": "4", "object_repr": "eric", "action_flag": 2, "change_message": "[]"}}, {"model": "admin.logentry", "pk": 16, "fields": {"action_time": "2020-07-15T16:14:16.617Z", "user": 1, "content_type": 4, "object_id": "7", "object_repr": "invite", "action_flag": 1, "change_message": "[{\"added\": {}}]"}}, {"model": "admin.logentry", "pk": 17, "fields": {"action_time": "2020-07-15T16:14:52.591Z", "user": 1, "content_type": 4, "object_id": "7", "object_repr": "invite", "action_flag": 2, "change_message": "[]"}}, {"model": "admin.logentry", "pk": 18, "fields": {"action_time": "2020-07-15T16:16:44.840Z", "user": 1, "content_type": 4, "object_id": "4", "object_repr": "eric", "action_flag": 2, "change_message": "[{\"changed\": {\"fields\": [\"user_permissions\"]}}]"}}, {"model": "admin.logentry", "pk": 19, "fields": {"action_time": "2020-07-15T16:17:10.511Z", "user": 1, "content_type": 4, "object_id": "6", "object_repr": "remi", "action_flag": 2, "change_message": "[{\"changed\": {\"fields\": [\"user_permissions\"]}}]"}}, {"model": "admin.logentry", "pk": 20, "fields": {"action_time": "2020-07-15T16:21:18.460Z", "user": 1, "content_type": 4, "object_id": "1", "object_repr": "clement", "action_flag": 2, "change_message": "[{\"changed\": {\"fields\": [\"user_permissions\"]}}]"}}, {"model": "admin.logentry", "pk": 21, "fields": {"action_time": "2020-07-15T16:21:38.263Z", "user": 1, "content_type": 4, "object_id": "1", "object_repr": "clement", "action_flag": 2, "change_message": "[]"}}, {"model": "admin.logentry", "pk": 22, "fields": {"action_time": "2020-07-15T16:21:44.377Z", "user": 1, "content_type": 4, "object_id": "4", "object_repr": "eric", "action_flag": 2, "change_message": "[]"}}, {"model": "admin.logentry", "pk": 23, "fields": {"action_time": "2020-07-15T16:21:50.174Z", "user": 1, "content_type": 4, "object_id": "7", "object_repr": "invite", "action_flag": 2, "change_message": "[]"}}, {"model": "admin.logentry", "pk": 24, "fields": {"action_time": "2020-09-02T14:54:33.363Z", "user": 1, "content_type": 4, "object_id": "4", "object_repr": "eric", "action_flag": 2, "change_message": "[]"}}, {"model": "admin.logentry", "pk": 25, "fields": {"action_time": "2020-09-02T14:55:13.781Z", "user": 1, "content_type": 4, "object_id": "4", "object_repr": "eric", "action_flag": 2, "change_message": "[{\"changed\": {\"fields\": [\"is_superuser\", \"last_login\"]}}]"}}, {"model": "admin.logentry", "pk": 26, "fields": {"action_time": "2020-09-02T14:55:52.809Z", "user": 1, "content_type": 4, "object_id": "6", "object_repr": "remi", "action_flag": 2, "change_message": "[{\"changed\": {\"fields\": [\"is_superuser\"]}}]"}}, {"model": "admin.logentry", "pk": 27, "fields": {"action_time": "2020-10-12T14:46:08.497Z", "user": 1, "content_type": 4, "object_id": "7", "object_repr": "invite", "action_flag": 2, "change_message": "[{\"changed\": {\"fields\": [\"password\"]}}]"}}]